nombre,edad_15_abril_2019,edad_11_marzo_2022,sexo,sexo_bin,coalicion,partido,twitter_cuenta,twitter_desc,twitter_url,twitter_verificada,twitter_seguidores,twitter_n_tweets,region,region_pob,region_pob_rural,region_esc_prom
Vlado Mirosevic Verdugo,31,34,Masculino,0,FA,PL,vladomirosevic,"Diputado x Arica y Parinacota. Miembro @Liberales_Chile. Movilizador de causas ciudadanas. Intereses: Historia, Rock y Antipoesía. vmirosevic@gmail.com",https://www.twitter.com/vladomirosevic,0,43784,22546,15,226068,18837,11.09523888388706
Nino Baltolu Rasera,65,68,Masculino,0,ChV,UDI,NinoBaltolu,NA,https://www.twitter.com/NinoBaltolu,0,403,596,15,226068,18837,11.09523888388706
Luis Rocafull Lopez,60,63,Masculino,0,LFM,PS,Rocafuldiputado,Diputado de la Región de Arica y Parinacota. Mi único compromiso es con mi región!,https://www.twitter.com/Rocafuldiputado,0,2399,2539,15,226068,18837,11.09523888388706
Renzo Trisotti Martinez,43,45,Masculino,0,ChV,UDI,RenzoTrisotti,"Casado, cuatro hijos, 43 años, Diputado UDI de la región de Tarapacá: Iquique, Alto Hospicio, Pozo Almonte, Pica, Camiña, Huara y Colchane.",https://www.twitter.com/RenzoTrisotti,0,8042,7052,1,330558,20493,11.20226301334914
Ramon Galleguillos Castillo,55,58,Masculino,0,ChV,RN,ramongallec,"Iquiqueño, comunicador social. Casado, dos hijas y un nieto. Diputado por el distrito 2, región de Tarapacá.",https://www.twitter.com/ramongallec,0,6275,7231,1,330558,20493,11.20226301334914
Hugo Gutierrez Galvez,57,60,Masculino,0,LFM,PCCh,Hugo_Gutierrez_,Abogado. Activista de DDHH. Diputado de la República de Chile x Tarapacá. Militante del Partido Comunista. Padre de seis hermosos hij@s.,https://www.twitter.com/Hugo_Gutierrez_,1,85449,17315,1,330558,20493,11.20226301334914
Paulina Nuñez Urrutia,36,39,Femenino,1,ChV,RN,paulinanu,Antofagastina 🙋🏻‍♀️Abogada 👩🏻‍💻Ex Seremi de Gob Vicepdta de RN Diputada por la Región de Antofagasta☀️. Casada con @cmonckeberg 💕Agradecida de la vida,https://www.twitter.com/paulinanu,0,24291,17010,2,607534,35786,11.417126407120714
Jose Miguel Castro Bascuñan,44,47,Masculino,0,ChV,RN,dip_jmcastro,"Medico Veterinario, Master en Medio Ambiente. 
Diputado por el Distrito 3, región de Antofagasta. 
Casado, con dos hijos que son unos remolinos lindos",https://www.twitter.com/dip_jmcastro,0,1323,693,2,607534,35786,11.417126407120714
Marcela Ximena Hernando Perez,59,62,Femenino,1,LFM,PRSD,MarcelaHernando,"Estoy en política para ayudar a las personas. Médico, diputada por la Región de Antofagasta. Presidenta de la Comisión de Minería de la Cámara.",https://www.twitter.com/MarcelaHernando,0,7542,6896,2,607534,35786,11.417126407120714
Esteban Jorge Velasquez Nuñez,56,59,Masculino,0,CRV,FREVS,CalamaVelasquez,"🇨🇱 @Twitter Oficial del Diputado de la República por la Región #Antofagasta.  ExAlcalde de Calama. Profesor, Cobreloíno, enemigo del Centralismo. #UnSoloNorte",https://www.twitter.com/CalamaVelasquez,0,6188,10082,2,607534,35786,11.417126407120714
Catalina Perez Salinas,28,31,Femenino,1,FA,RD,CatalinaPerezS,"Diputada por la Región de #Antofagasta | Presidenta de @Rdemocratica | Abogada, invernista y feminista🌱

#CambioClimático",https://www.twitter.com/CatalinaPerezS,0,11158,4069,2,607534,35786,11.417126407120714
Daniella Cicardini Milla,31,34,Femenino,1,LFM,PS,Dani_Cicardini,"Diputada reelecta por la Región de Atacama. Bióloga Marina, Vegetariana, Socialista, Regionalista y Copiapina.",https://www.twitter.com/Dani_Cicardini,0,10286,8104,3,286168,25648,10.864937580815488
Juan Ruben Santana Castillo,29,32,Masculino,0,LFM,PS,dipujuansantana,"Socialista, de sangre altiva y noble corazón, periodista y Diputado por la Región de Atacama.",https://www.twitter.com/dipujuansantana,0,1542,1087,3,286168,25648,10.864937580815488
Nicolas Noman Garrido,37,40,Masculino,0,ChV,UDI,nicolasnoman,Atacama es nuestra familia! Esposo y Padre. Abogado - Ex Gob de la Provincia de Copiapó #ElDiputadoDeAtacama #JuntosConstruyendoUnaMejorRegion,https://www.twitter.com/nicolasnoman,0,344,44,3,286168,25648,10.864937580815488
Jaime Mulet Martinez,55,58,Masculino,0,CRV,FREVS,Muletjaime,"Regionalista, humanista cristiano, emprendedor. abogado y MBA; amante de su familia y de su tierra atacameña.",https://www.twitter.com/Muletjaime,0,2429,825,3,286168,25648,10.864937580815488
Sergio Gahona Salazar,53,56,Masculino,0,ChV,UDI,sergiogahona,"Papá de Pablo, Paulina e Isabel. ex Rector INACAP Calama, Copiapó y La Serena, Ex Intendente y hoy Diputado primera mayoría de la Región de COQUIMBO.",https://www.twitter.com/sergiogahona,0,6867,13728,4,757586,142470,10.53332041175591
Juan Manuel Fuenzalida Cobo,45,48,Masculino,0,ChV,UDI,jmfuenzalida,Quiero que Chile logre el desarrollo. Ex intendente de Pdte Piñera.,https://www.twitter.com/jmfuenzalida,0,2211,3265,4,757586,142470,10.53332041175591
Francisco Eguiguren Correa,51,54,Masculino,0,ChV,RN,feguigurenc,Diputado de RN por el Distrito 5. Los tiempos están malos. Seamos nosotros mejores y los tiempos serán mejores; nosotros somos el tiempo. (San Agustín),https://www.twitter.com/feguigurenc,0,2655,4873,4,757586,142470,10.53332041175591
Pedro Antonio Velasquez Seguel,54,57,Masculino,0,CRV,FREVS,pvelasquezsegue,NA,https://www.twitter.com/pvelasquezsegue,0,101,809,4,757586,142470,10.53332041175591
Daniel Nuñez Arancibia,48,51,Masculino,0,LFM,PCCh,daniel_nunez_a,Diputado comunista por el distrito 5: 15 comunas de la región de Coquimbo. Presidente de Comisión de Hacienda e integro comisión de Recursos Hídricos. Sociólogo,https://www.twitter.com/daniel_nunez_a,0,16270,12390,4,757586,142470,10.53332041175591
Raul Saldivar Auger,67,70,Masculino,0,LFM,PS,raulsaldivarps,Diputado Región de Coquimbo.,https://www.twitter.com/raulsaldivarps,0,4868,11079,4,757586,142470,10.53332041175591
Matias Walker Prieto,45,48,Masculino,0,CODE,PDC,matiaswalkerp,"Abogado, Diputado Región de Coquimbo, cruzado, casado, padre de 2 niños increíbles. #SoyDonante",https://www.twitter.com/matiaswalkerp,0,33888,39670,4,757586,142470,10.53332041175591
Andres Longton Herrera,36,39,Masculino,0,ChV,RN,andreslongton,Abogado UAI Magister Derecho Admin PUCV. Diputado RN x V Región Cordillera Prov #MargaMarga #Quillota #Petorca #SanFelipe #LosAndes 🇨🇱 #Puchuncaví #Quintero,https://www.twitter.com/andreslongton,0,221440,6407,5,1815902,163327,11.077331118979139
Luis Pardo Sainz,58,61,Masculino,0,ChV,RN,LuisPardoS,"Diputado por las Prov. de Los Andes, San Felipe, Petorca, Quillota, Marga Marga y las Com. de Quintero y Puchuncaví - Región de Valparaiso - Distrito No. 6",https://www.twitter.com/LuisPardoS,0,1388,637,5,1815902,163327,11.077331118979139
Camila Flores Oporto,32,35,Femenino,1,ChV,RN,Cami_FloresO,"Abogada, casada con @percymarin,  y Diputada por el Distrito 6 , 5ta Región Cordillera representando a @rnchile",https://www.twitter.com/Cami_FloresO,0,22529,16143,5,1815902,163327,11.077331118979139
Pablo Kast Sommerhoff,45,48,Masculino,0,ChV,EVOP,labkast,"Arquitecto. Diputado electo Distrito 6, Valparaíso. Partido Evolución Política.",https://www.twitter.com/labkast,0,4107,1437,5,1815902,163327,11.077331118979139
Marcelo Schilling Rodriguez,69,72,Masculino,0,LFM,PS,dip_schilling,"Diputado Socialista | Petorca, San Felipe, Los Andes, Quillota, Marga Marga + Quintero/Puchuncaví. Comisión de Hacienda. 📲Prensa 962497313",https://www.twitter.com/dip_schilling,0,16921,13966,5,1815902,163327,11.077331118979139
Carolina Marzan Pinto,55,58,Femenino,1,LFM,PPD,carolamarzan,"Actriz #UdeChile 🎭 Diputada QuintaCordillera, vivo en prov MargaMarga. Comisiones Cultura y Familia y Adulto Mayor. CONTACTO: carolina.marzan@congreso.cl",https://www.twitter.com/carolamarzan,0,5417,7018,5,1815902,163327,11.077331118979139
Daniel Angel Verdessi Belemmi,66,69,Masculino,0,CODE,PDC,danielverdessi,"Médico, diputado @PDC_Chile por el distrito 6, Quinta región cordillera. Busco la equidad en Chile, insatisfecho permanente por lo realizado, creo en el futuro.",https://www.twitter.com/danielverdessi,0,3016,6467,5,1815902,163327,11.077331118979139
Diego Ibañez Cotroneo,30,33,Masculino,0,FA,PH,diego_ibanezc,"Bellotino, a veces muralista, hoy Diputado por Valparaiso Cordillera. Desde la quinta, un mundo por cambiar 🌱@MovAutonomista @elfrente_amplio 🇨🇱",https://www.twitter.com/diego_ibanezc,0,13009,3765,5,1815902,163327,11.077331118979139
Maria Jose Hoffmann Opazo,42,45,Femenino,1,ChV,UDI,PepaHoffmann,Diputada @udipopular mamá d 3 niños maravillosos. Cientista Política Mgter Políticas Públicas Máster Acción Política. Prioridades #educación #familia #seguridad,https://www.twitter.com/PepaHoffmann,0,47996,8559,5,1815902,163327,11.077331118979139
Osvaldo Urrutia Soto,67,70,Masculino,0,ChV,UDI,urrutiaosvaldo,"Diputado Región de Valparaiso. Viñamarino de corazón, amante del deporte, Ingeniero, gran colaborador de Alcaldesa @cotyreginato",https://www.twitter.com/urrutiaosvaldo,0,18475,8538,5,1815902,163327,11.077331118979139
Andres Celis Montt,44,46,Masculino,0,ChV,RN,ANDRESCELISM,"Diputado Distrito 7|12 Comunas |Región Valpo |Partido RN|Un compromiso a toda Costa|Miembro Comisiones de DDHH, Salud, Discapacidad, Deportes, Cultura y artes,",https://www.twitter.com/ANDRESCELISM,0,27251,54557,5,1815902,163327,11.077331118979139
Camila Rojas Valderrama,28,31,Femenino,1,FA,PI,Camila_RojasV,"Diputada @PartidoComunes @elfrente_amplio. Ex Presidenta de @la_Fech 2016. San Antonio en el ❤️
""Ser mujer y estar viva es una cuestión de suerte"", Selva Almada",https://www.twitter.com/Camila_RojasV,0,13446,5269,5,1815902,163327,11.077331118979139
Jorge Brito Hasbun,29,32,Masculino,0,FA,RD,jorbritoh,"Diputado de @Rdemocratica y @elfrente_amplio por el distrito más lindo de Chile; la Quinta Costa. Ingeniero sansano, emprendedor y motivado. #FinJusticiaMilitar",https://www.twitter.com/jorbritoh,0,9542,15379,5,1815902,163327,11.077331118979139
Rodrigo Gonzalez Torres,77,80,Masculino,0,LFM,PPD,rodrigodiputado,"Profesor, filósofo, amante de la naturaleza y de la vida. Diputado miembro de las comisiones Educación y Vivienda. Pdte de la Bancada Regionalista",https://www.twitter.com/rodrigodiputado,0,5327,4592,5,1815902,163327,11.077331118979139
Marcelo Diaz Diaz,48,51,Masculino,0,LFM,PS,marcelodiazd,"Diputado Distrito 7 | Valparaíso, Viña del Mar, Concón, San Antonio, Sto Domingo, Cartagena, El Tabo, El Quisco, Algarrobo, Casablanca, Juan Fernández, Rapa Nui",https://www.twitter.com/marcelodiazd,1,40765,16878,5,1815902,163327,11.077331118979139
Victor Marcelo Torres Jeldes,43,46,Masculino,0,CODE,PDC,DocVictorTorres,"Médico Cirujano. Diputado D-7 5a Costa. Oxímoron: pelado por opción, chascón por convicción!. Vanguardia Demócrata Cristiana! Librepensador. #salud #ética #cyt",https://www.twitter.com/DocVictorTorres,0,11962,12055,5,1815902,163327,11.077331118979139
Joaquin Lavin Leon,39,42,Masculino,0,ChV,UDI,jlavin2014,NA,https://www.twitter.com/jlavin2014,0,1945,455,13,7112808,263498,11.465253212958809
Patricio Melero Abaroa,62,65,Masculino,0,ChV,UDI,patriciomelero,"Diputado, militante de la @udipopular. Casado, padre de dos hijos, Ingeniero Agronomo. Un ""Chile mas Justo""es mi lucha.",https://www.twitter.com/patriciomelero,0,5891,581,13,7112808,263498,11.465253212958809
Mario Desbordes Jimenez,50,53,Masculino,0,ChV,RN,desbordes,"casado con Carolina, padre de 3 hijos, abuelo, colocolino y diputado distrito 8. Presidente @RNchile",https://www.twitter.com/desbordes,0,42972,37209,13,7112808,263498,11.465253212958809
Claudia Nathalie Mix Jimenez,49,52,Femenino,1,FA,Poder,Claudia_Mix,Diputada Feminista y Bolivariana @PartidoComunes @elfrente_amplio #Chile #Maipú #Cerrillos #EstaciónCentral #Pudahuel #Quilicura #Colina #Lampa #Tiltil,https://www.twitter.com/Claudia_Mix,0,8832,11438,13,7112808,263498,11.465253212958809
Pablo Vidal Rojas,35,38,Masculino,0,FA,RD,pablovidalrojas,Cuenta Oficial del Diputado de @rdemocratica y @elfrente_amplio por #Maipú #EstaciónCentral #Cerrillos #Pudahuel #Quilicura #Lampa #Colina y #Tiltil #Distrito8,https://www.twitter.com/pablovidalrojas,0,10859,7481,13,7112808,263498,11.465253212958809
Pepe Auth Stewart,62,65,Masculino,0,LFM,PRSD,pepe_auth,"Diputado Independiente c/convicciones de la Región Metropolitana. Futbolero, melómano, me gusta la historia pero tengo la fe del carbonero en el futuro",https://www.twitter.com/pepe_auth,0,63365,5040,13,7112808,263498,11.465253212958809
Carmen Hertz Cadiz,73,76,Femenino,1,LFM,PCCh,carmen_hertz,"Abogada DDHH, diputada #Distrito8 comunas Maipú, Estación Central, Pudahuel, Quilicura, Cerrillos, Tiltil, Colina, Lampa",https://www.twitter.com/carmen_hertz,0,95711,26857,13,7112808,263498,11.465253212958809
Gabriel Silber Romo,42,45,Masculino,0,CODE,PDC,gabrielsilber,"Diputado DC por Maipu,Quilicura, Pudahuel,Cerrillos ,Colina, Estacion Central, Lampa y Tiltil.#NOesNO",https://www.twitter.com/gabrielsilber,0,21935,7562,13,7112808,263498,11.465253212958809
Erika Olivera De La Fuente,43,46,Femenino,1,ChV,RN,erikaoliverad,"Mamá, Esposa, Deportista, Entrenadora de Atletismo área Fondo y Medio Fondo, Club YKA. Diputada por el distrito 9. Mi mayor compromiso está con mis vecinos.",https://www.twitter.com/erikaoliverad,1,13995,2025,13,7112808,263498,11.465253212958809
Jorge Duran Espinoza,38,41,Masculino,0,ChV,RN,JorgeDuran2017,Diputado RN.  Licenciado en Derecho en la U. Finis Terrae. Estudios en Administración de Negocios en la Usach.,https://www.twitter.com/JorgeDuran2017,0,105,16,13,7112808,263498,11.465253212958809
Sebastian Keitel Bianchi,46,49,Masculino,0,ChV,EVOP,sekeitel,"Atleta Olímpico y Mundial. Diputado de la República por Distrito 9 (Conchali, Huechuraba, Renca, Cerro Navia, Lo Prado, Quinta Normal, Independencia y Recoleta)",https://www.twitter.com/sekeitel,0,18302,3725,13,7112808,263498,11.465253212958809
Karol Cariola Oliva,32,34,Femenino,1,LFM,PCCh,KarolCariola,"Diputada Feminista del PCChile en Recoleta,Independencia,Conchalí,Renca,Huechuraba,Lo Prado,C.Navia y Q.Normal.Matrona,ExPdta FECUdeC,Sec.General JJ.CC2011-2017",https://www.twitter.com/KarolCariola,0,263771,16000,13,7112808,263498,11.465253212958809
Boris Anthony Barrera Moreno,48,51,Masculino,0,LFM,PCCh,boris_barrera,"Cantautor, Ingeniero Industrial, hijo de obrero y de una histórica dirigenta social, hijo de Renca, Diputado del @PCdeChile por el Distrito 9",https://www.twitter.com/boris_barrera,0,3128,1353,13,7112808,263498,11.465253212958809
Cristina Girardi Lavin,57,60,Femenino,1,LFM,PPD,Girardi_Cris,"Diputada por Cerro Navia, Lo Prado y Quinta Normal. QUIERO un país más justo e igualitario.",https://www.twitter.com/Girardi_Cris,0,615,66,13,7112808,263498,11.465253212958809
Maite Orsini Pascal,31,34,Femenino,1,FA,RD,MaiteOrsini,"Diputada por el D9. Militante de @RDemocratica, Abogada, Arquera y Guitarrista amateur.",https://www.twitter.com/MaiteOrsini,0,236950,17444,13,7112808,263498,11.465253212958809
Marcela Sabat Fernandez,38,40,Femenino,1,ChV,RN,MarceSabat,Diputada de la República #Chile -Sentir el dolor en cuerpo presente-. #Tocate #SoyDonante #SoyAzul #HeforShe Ig: @marcelasabat Fb: Diputada Marcela Sabat,https://www.twitter.com/MarceSabat,1,107477,19780,13,7112808,263498,11.465253212958809
Sebastian Torrealba Alvarado,38,41,Masculino,0,ChV,RN,storrealbaa,Diputado Distrito 10 @RNchile #MontañasLibres 🌳🌲,https://www.twitter.com/storrealbaa,0,5125,9435,13,7112808,263498,11.465253212958809
Jorge Alessandri Vergara,39,42,Masculino,0,ChV,UDI,jalessandri,"Papá, Abogado, Diputado por el #Distrito10. #Santiago, #Providencia, #Ñuñoa, #Macul, #SanJoaquín y #LaGranja.",https://www.twitter.com/jalessandri,0,6858,4410,13,7112808,263498,11.465253212958809
Luciano Cruz-Coke Carvallo,48,51,Masculino,0,ChV,EVOP,lcruzcoke,Actor - Fundador y VP @evopoli - Ex Ministro de Cultura - Cruzado - Papá x 5 - Diputado por Santiago/Providencia/Ñuñoa/Macul/Sn Joaquin/La Granja - CHILE 🇨🇱,https://www.twitter.com/lcruzcoke,0,284223,11705,13,7112808,263498,11.465253212958809
Giorgio Jackson Drago,32,35,Masculino,0,FA,RD,GiorgioJackson,"Diputado x el Distrito 10 / Frenteamplista y militante de @Rdemocratica / Ingeniero / ExPdte @feuc y vocero @confech / 山寨, chuncho, ñoño y exvoleibolista",https://www.twitter.com/GiorgioJackson,0,1105283,39325,13,7112808,263498,11.465253212958809
Natalia Castillo Muñoz,36,39,Femenino,1,FA,RD,ncastilo,"Madre de 2, abogada, frenteamplista y militante de @rdemocratica. Diputada distrito 10.",https://www.twitter.com/ncastilo,0,5118,7976,13,7112808,263498,11.465253212958809
Gonzalo Winter Etcheberry,32,35,Masculino,0,FA,RD,gonzalowinter,En la ruta al feminismo. Diputado por el distrito 10 x @MovAutonomista y el naciente @elfrente_amplio,https://www.twitter.com/gonzalowinter,0,22846,10675,13,7112808,263498,11.465253212958809
Maya Fernandez Allende,47,50,Femenino,1,LFM,PS,Mayafernandeza,"Diputada por el Distrito 10, Bióloga y Veterinaria de la gran Universidad de Chile, madre de d@s, #Socialista, soy donante",https://www.twitter.com/Mayafernandeza,0,55778,20290,13,7112808,263498,11.465253212958809
Gonzalo Fuenzalida Figueroa,45,48,Masculino,0,ChV,RN,fuenzalidaRn,"Abogado de la UC. Diputado de @RNChile al servicio de la República y trabajando por Las Condes, Peñalolén, Vitacura, La Reina y Lo Barnechea.",https://www.twitter.com/fuenzalidaRn,0,7908,2834,13,7112808,263498,11.465253212958809
Catalina Del Real Mihovilovic,50,53,Femenino,1,ChV,RN,CataDelRealCL,"Diputada de Las Condes, La Reina, Vitacura, Peñalolén y Lo Barnechea @RNChile.",https://www.twitter.com/CataDelRealCL,0,7587,3362,13,7112808,263498,11.465253212958809
Karin Luck Urban,47,50,Femenino,1,ChV,RN,karinluck,"Diputada de la República por las comunas de Las Condes, Vitacura, Lo Barnechea, La Reina y Peñalolén.",https://www.twitter.com/karinluck,0,4303,3304,13,7112808,263498,11.465253212958809
Francisco Undurraga Gazitua,53,56,Masculino,0,ChV,EVOP,Panchoundurraga,"Vicepresidente de @evopoli, diputado del Distrito 11 (Peñalolen, La Reina, Las Condes, Vitacura y Lo Barnechea). Emprendedor, trabajo por la Inclusión",https://www.twitter.com/Panchoundurraga,0,14765,9614,13,7112808,263498,11.465253212958809
Guillermo Ramirez Diez,39,42,Masculino,0,ChV,UDI,GmoRamirez,"Diputado por Las Condes, Vitacura, Lo Barnechea, La Reina y Peñalolén.",https://www.twitter.com/GmoRamirez,0,6697,4971,13,7112808,263498,11.465253212958809
Tomas Hirsch Goldschmidt,62,65,Masculino,0,FA,PH,tomashirsch,"Humanista. Diputado Frente Amplio x Peñalolén, La Reina, Las Condes, Vitacura, Lo Barnechea. Avanzar hacia un Chile del Buen Trato y a futuro a la Nación Humana",https://www.twitter.com/tomashirsch,1,24546,8099,13,7112808,263498,11.465253212958809
Ximena Ossandon Irarrazabal,55,58,Femenino,1,ChV,RN,nonaossandon,55 primaveras y agradecida de Dios. Felicidad es mi objetivo. Diputada de la República. Defiendo la vida sin matices: a todo evento,https://www.twitter.com/nonaossandon,0,7078,7928,13,7112808,263498,11.465253212958809
Leopoldo Perez Lahsen,62,64,Masculino,0,ChV,RN,perezlahsen,Jefe de Bancada Diputados RN .Orgulloso representante de #PuenteAlto #Pirque #SanJoséDeMaipo #LaPintana #LaFlorida. CHILE LO HACEMOS TODOS,https://www.twitter.com/perezlahsen,0,4412,5097,13,7112808,263498,11.465253212958809
Alvaro Carter Fernandez,38,41,Masculino,0,ChV,UDI,Alvaro_CarterF,"Diputado distrito 12 La Florida, Puente Alto, La Pintana, Pirque, San Jose de Maipo #NoMasViolenciaEscolar #NoMasBullying #Provida #YoNoViajoYOTrabajo",https://www.twitter.com/Alvaro_CarterF,0,2449,291,13,7112808,263498,11.465253212958809
Pamela Jiles Moreno,58,61,Femenino,1,FA,PH,PamJiles,"Diputada del Frente Amplio, electa por mis sinmonea, mis abuelas sexys, mi fleto-power para fustigar corruptos y decir lo q los medios ocultan.",https://www.twitter.com/PamJiles,1,201221,39074,13,7112808,263498,11.465253212958809
Miguel Crispi Serrano,34,36,Masculino,0,FA,RD,MiguelCrispiS,"Frenteamplista y militante @RDemocratica. Diputado por La Florida, Puente Alto, La Pintana, Pirque y San José de Maipo.",https://www.twitter.com/MiguelCrispiS,0,18443,8778,13,7112808,263498,11.465253212958809
Camila Vallejo Dowling,30,33,Femenino,1,LFM,PCCh,camila_vallejo,"Diputada @PCdeChile por La Florida, Puente Alto, La Pintana, San José de Maipo y Pirque. Geógrafa Universidad de Chile y Ex Pdta y Vice-pdta FECh 2010-2012.",https://www.twitter.com/camila_vallejo,1,1256634,11924,13,7112808,263498,11.465253212958809
Amaro Labra Sepulveda,69,72,Masculino,0,LFM,PCCh,amarolabra,"Diputado PCChile por La Pintana, La Florida, Puente Alto, San José de Maipo y Pirque. Autor, Compositor e Intérprete en Sol y Lluvia",https://www.twitter.com/amarolabra,0,5166,1566,13,7112808,263498,11.465253212958809
Guillermo Teillier Del Valle,75,78,Masculino,0,LFM,PCCh,gteillier,"Diputado distrito 13: San Miguel, PAC, Lo Espejo, El Bosque, San Ramón, La Cisterna. Presidente del Partido Comunista de Chile.",https://www.twitter.com/gteillier,0,68428,2072,13,7112808,263498,11.465253212958809
Eduardo Duran Salinas,47,50,Masculino,0,ChV,RN,EdoDuran,"Diputado (RN).
San Miguel, El Bosque, Pedro Aguirre Cerda, Lo Espejo, La Cisterna y San Ramón. Institutano, Ingeniero Civil, MBA, Master en Economía.",https://www.twitter.com/EdoDuran,0,2798,2059,13,7112808,263498,11.465253212958809
Cristhian Moreira Barros,57,60,Masculino,0,ChV,UDI,MoreiraDiputado,"Diputado UDI en las comunas de El Bosque, La Cisterna, San Ramón, San Miguel, Lo Espejo y PAC. Integrante comisión RREE y Seguridad Ciudadana @CamaraDiputados",https://www.twitter.com/MoreiraDiputado,0,1194,1455,13,7112808,263498,11.465253212958809
Gael Fernanda Yeomans Araya,30,33,Femenino,1,FA,RD,GaelDiputada,"Feminista. Vivo en el sur de Stgo. Diputada en PAC, San Miguel, San Ramón, La Cisterna, El Bosque y Lo Espejo. Abogada @uchile. @izq_libertaria @elfrente_amplio",https://www.twitter.com/GaelDiputada,0,11110,4761,13,7112808,263498,11.465253212958809
Juan Antonio Coloma Alamos,39,41,Masculino,0,ChV,UDI,Tono_Coloma,"Diputado x San Bernardo, Melipilla, Peñaflor, Talagante, El Monte, Buin, Paine,Padre Hurtado, Isla de Maipo, Curacavi, San Pedro, M. Pinto, C. de Tango y Alhue.",https://www.twitter.com/Tono_Coloma,0,11650,4911,13,7112808,263498,11.465253212958809
Jaime Bellolio Avaria,38,41,Masculino,0,ChV,UDI,jbellolio,"Diputado de las Provincias del Maipo, Talagante y Melipilla.",https://www.twitter.com/jbellolio,0,55947,24638,13,7112808,263498,11.465253212958809
Raul Leiva Carvajal,45,47,Masculino,0,LFM,PS,RaulLeiva,"Abogado; Diputado PS Distrito14 Provincias de Maipo, Melipilla y Talagante; ex Alcalde Talagante y ex Gobernador Provincia de Talagante",https://www.twitter.com/RaulLeiva,0,5138,5446,13,7112808,263498,11.465253212958809
Leonardo Soto Ferrada,52,55,Masculino,0,LFM,PS,LeoSotoChile,"De San Bernardo, socialista, chuncho, abogado de la Chile, x la AC y un diputado firme contra los abusos y la injusticia",https://www.twitter.com/LeoSotoChile,0,9781,8504,13,7112808,263498,11.465253212958809
Marisela Santibañez Novoa,43,46,Femenino,1,PTCh,PRO,mariseka,"Diputada Independiente 🇨🇱 Lucho contra las injusticias con la pasión, fuerza y valor que me dan las personas y los llevo siempre en el corazón. #SomosPueblo",https://www.twitter.com/mariseka,0,382428,36490,13,7112808,263498,11.465253212958809
Javier Macaya Danus,40,43,Masculino,0,ChV,UDI,javiermacaya,"Casado, papá de 4, Abogado PUC, orgulloso Colchagüino y Cruzado. Diputado UDI por la Región de O'Higgins.",https://www.twitter.com/javiermacaya,0,22315,7102,6,914555,234192,10.039792418774327
Issa Kort Garriga,38,41,Masculino,0,ChV,UDI,issakortg,"Historiador, MBA, Católico, Diputado x Rancagua 2011-2014/2014-2018/2018-2022. Integrante de Comisiones de https://t.co/oZmt1MCdz7, Mineria y Energía.",https://www.twitter.com/issakortg,0,12510,20003,6,914555,234192,10.039792418774327
Diego Schalper Sepulveda,34,36,Masculino,0,ChV,RN,Diego_Schalper,Abogado. Diputado del distrito 15. Jugado por la solidaridad.,https://www.twitter.com/Diego_Schalper,0,10440,12699,6,914555,234192,10.039792418774327
Juan Luis Castro Gonzalez,58,61,Masculino,0,LFM,PS,DoctorJLCastro,"Médico y parlamentario por distrito 15 de la Región de O´Higgins. Actualmente participo de las comisiones de Salud, Ética, Minería y Energía.",https://www.twitter.com/DoctorJLCastro,0,16397,2084,6,914555,234192,10.039792418774327
Raul Soto Mardones,31,34,Masculino,0,CODE,PDC,Raul_Soto1,"Diputado Región de O'Higgins (D15), 30 años, Abogado UChile, DC, a renovar la política! Integrante Comisiones de Familia y Trabajo.",https://www.twitter.com/Raul_Soto1,0,1748,3097,6,914555,234192,10.039792418774327
Ramon Barros Montero,61,64,Masculino,0,ChV,UDI,memobarros,Diputado por el Distrito 35.,https://www.twitter.com/memobarros,0,4132,1728,6,914555,234192,10.039792418774327
Virginia Troncoso Hellman,68,71,Femenino,1,ChV,UDI,vtroncosoh,"Mujer sanvicentana, servidora pública y agricultora. Diputada UDI del nuevo #Distrito16 (O'Higgins sur). Integrante comisiones Desarrollo Social + MujerEG",https://www.twitter.com/vtroncosoh,0,867,632,6,914555,234192,10.039792418774327
Cosme Mellado Pino,59,62,Masculino,0,LFM,PRSD,cosme_mellado,"Político del Partido Radical. Diputado por el Distrito N°16, Región del Libertador Bernardo. O’Higgins, por el periodo 2018 – 2022.",https://www.twitter.com/cosme_mellado,0,212,81,6,914555,234192,10.039792418774327
Celso Morales Muñoz,61,64,Masculino,0,ChV,UDI,Celsomorales,NA,https://www.twitter.com/Celsomorales,0,4423,1419,7,1044950,279819,9.729084326948652
Pedro Pablo Alvarez-Salamanca Ramirez,43,46,Masculino,0,ChV,UDI,alvarezsalamanc,"Diputado por:San Clemente, RioClaro, San Rafael, Pelarco, Maule;Empedrado;Constitucion;Curepto;Pencahue",https://www.twitter.com/alvarezsalamanc,0,2236,321,7,1044950,279819,9.729084326948652
Hugo Rey Martinez,45,48,Masculino,0,ChV,RN,HugoReyM,"Diputado por el Maule Norte, distrito 17 •
Renovación Nacional • Ex alcalde de Curicó y ex consejero regional.",https://www.twitter.com/HugoReyM,0,1164,527,7,1044950,279819,9.729084326948652
Pablo Prieto Lorca,59,62,Masculino,0,ChV,RN,pabloprietol,Casado y padre de dos hijos. Diputado por el Maule Norte.,https://www.twitter.com/pabloprietol,0,1003,1682,7,1044950,279819,9.729084326948652
Pablo Lorenzini Basso,69,72,Masculino,0,CODE,PDC,pabloIorenzini,"Diputado por Constitución, Curepto, Empedrado, Maule, Pelarco, Pencahue, Rio Claro, San Clemente, San Rafael",https://www.twitter.com/pabloIorenzini,0,380,25,7,1044950,279819,9.729084326948652
Florcita Alarcon Rojas,73,76,Masculino,0,FA,PH,florcitamotuda,adherente al HUMANISMO UNIVERSALISTA además soy un cantante chileno y me puedes oir en youtube,https://www.twitter.com/florcitamotuda,0,97223,13102,7,1044950,279819,9.729084326948652
Rolando Renteria Moller,50,53,Masculino,0,ChV,UDI,RenteriaDiputad,"Concejal ciudad de Linares periodos
2000-2008
Alcalde ciudad de Linares periodos
2008-2016",https://www.twitter.com/RenteriaDiputad,0,66,7,7,1044950,279819,9.729084326948652
Frank Sauerbaum Muñoz,46,49,Masculino,0,ChV,RN,frank_sauerbaum,"Papa de Flopy y Alberto, Ingeniero Comercial-MBA.Diputado RN por Ñuble ""Está muy bien no hacer el mal, pero está muy mal no hacer el bien"" (San Alberto Hurtado)",https://www.twitter.com/frank_sauerbaum,0,9279,11009,16,530380,162425,9.677201011074013
Gustavo Sanhueza Dueñas,52,55,Masculino,0,ChV,UDI,gustavosanhuez,"Amo la vida, mi novia, mis hijos...",https://www.twitter.com/gustavosanhuez,0,1320,1535,16,530380,162425,9.677201011074013
Carlos Abel Jarpa Wevar,74,77,Masculino,0,LFM,PRSD,Oficinajarpa,Oficina Parlamentaria Diputado Carlos Abel Jarpa; representante ciudadano de la Nueva Región de Ñuble. Siempre en terreno junto a la comunidad !!!,https://www.twitter.com/Oficinajarpa,0,1949,2354,16,530380,162425,9.677201011074013
Maria Loreto Carvajal Ambiado,45,48,Femenino,1,LFM,PPD,loretodiputada,1era Diputada de nuestra región de Ñuble y Bio Bio con nuestras hermosas comunas de Cabrero y Yumbel .!,https://www.twitter.com/loretodiputada,0,4753,7429,16,530380,162425,9.677201011074013
Enrique Van Rysselberghe Herrera,42,45,Masculino,0,ChV,UDI,vanrysselberghe,"Diputado, comunas de : Concepción,  Chiguayante, San Pedro de la Paz, Talcahuano, Hualpén, Hualqui, Santa Juana, Coronel, Penco, Tomé y Florida.",https://www.twitter.com/vanrysselberghe,0,85657,29014,8,1507034,162294.00000000003,10.711241839936713
Sergio Bobadilla Muñoz,61,63,Masculino,0,ChV,UDI,sbobadilla_dip,Ingeniero en gestión industrial y diputado UDI electo del distrito 20. Gracias a todos los que nuevamente confiaron en mi.,https://www.twitter.com/sbobadilla_dip,0,9873,2671,8,1507034,162294.00000000003,10.711241839936713
Francesca Muñoz Gonzalez,39,42,Femenino,1,ChV,RN,FrancescaD20Dip,DIPUTADA RN NUEVO DISTRITO 20 Firmes y Adelante,https://www.twitter.com/FrancescaD20Dip,0,2250,572,8,1507034,162294.00000000003,10.711241839936713
Leonidas Romero Saez,63,66,Masculino,0,ChV,RN,leoromerosaez,"Coronelino, emprendedor, padre y hombre de fe. Gracias a Dios Diputado de @RNChile por el #Distrito20.",https://www.twitter.com/leoromerosaez,0,9152,51359,8,1507034,162294.00000000003,10.711241839936713
Gaston Saavedra Chandia,63,66,Masculino,0,LFM,PS,gastonsaavedra,¡Sigo comprometido! Impulsando el desarrollo de las personas y buscando mayor justicia social para las familias del Distrito 20.,https://www.twitter.com/gastonsaavedra,0,7023,8108,8,1507034,162294.00000000003,10.711241839936713
Jaime Toha Gonzalez,80,83,Masculino,0,LFM,PS,TohaGonzalez,"Diputado de La República, socialista, Ing. forestal, varias veces ministro e intendente del Biobio, nacido en Chillán e hincha de la U de Chile",https://www.twitter.com/TohaGonzalez,0,1323,1371,8,1507034,162294.00000000003,10.711241839936713
Jose Miguel Ortiz Novoa,77,80,Masculino,0,CODE,PDC,OrtizDiputado,"Diputado del Distrito 20, Demócrata Cristiano #100%DeVerdad.",https://www.twitter.com/OrtizDiputado,0,2475,967,8,1507034,162294.00000000003,10.711241839936713
Felix Gonzalez Gatica,46,49,Masculino,0,FA,PEV,FELIX_GonzalezG,"ECOLOGISTA, Diputado por la provincia de Concepción, presidente nacional del Partido Ecologista Verde, Ex CORE Región del Bío Bío.",https://www.twitter.com/FELIX_GonzalezG,0,5400,9128,8,1507034,162294.00000000003,10.711241839936713
Cristobal Urruticoechea Rios,43,46,Masculino,0,ChV,RN,DipCristobal,"Casado con la Tami, papá de 7 niños, católico, chileno, colocolino y diputado por el distrito 21 (Biobio - Arauco - Lota)",https://www.twitter.com/DipCristobal,0,2690,644,8,1507034,162294.00000000003,10.711241839936713
Jose Perez Arriagada,78,81,Masculino,0,LFM,PRSD,Dip_JosePerez,NA,https://www.twitter.com/Dip_JosePerez,0,277,467,8,1507034,162294.00000000003,10.711241839936713
Manuel Monsalve Benavides,53,56,Masculino,0,LFM,PS,DiputadoMonsalv,"Socialista - Médico - Diputado del distrito 21- Lota - Provincia de Arauco -, Provincia de Biobío Miembro de la Comisión de Hacienda",https://www.twitter.com/DiputadoMonsalv,0,5476,2079,8,1507034,162294.00000000003,10.711241839936713
Joanna Perez Olea,43,45,Femenino,1,CODE,PDC,joaperezolea,"Adm. Pública, mamá de Arantza y Ma Jesús 👩‍👧‍👧, VicePdta @pdc_chile, Diputada por el distrito 21: Lota, Provincia de Arauco y Biobío 🙋🏻‍♀️🇨🇱 #SoyDonante",https://www.twitter.com/joaperezolea,0,1465,1439,8,1507034,162294.00000000003,10.711241839936713
Diego Paulsen Kehr,31,34,Masculino,0,ChV,RN,diegopaulsen,"Papá, Abogado y Diputado de la República por distrito 22.",https://www.twitter.com/diegopaulsen,0,5166,1287,9,957224,278680,9.902966878141568
Jorge Rathgeb Schifferli,51,54,Masculino,0,ChV,RN,JorgeRathgeb,"Abogado y actual diputado de Renovación Nacional por el distrito número 22. Por mi gente, siempre presente.",https://www.twitter.com/JorgeRathgeb,0,3919,2597,9,957224,278680,9.902966878141568
Andrea Parra Sauterel,51,54,Femenino,1,LFM,PPD,andreaparras,Enfermera y Diputada del distrito N 22 de la hermosa región de la Araucanía.,https://www.twitter.com/andreaparras,0,1532,1653,9,957224,278680,9.902966878141568
Mario Artidoro Venegas Cardenas,61,64,Masculino,0,CODE,PDC,DiputadoVenegas,"Soy Diputado DC por las comunas del distrito 22, Siempre intentando ser un aporte  a mi región y al desarrollo de  mi país.",https://www.twitter.com/DiputadoVenegas,0,4349,4182,9,957224,278680,9.902966878141568
Rene Manuel Garcia Garcia,68,71,Masculino,0,ChV,RN,ReneManuelGarc2,"Diputado RN por el distrito 52 cuenta oficial después de haber perdido la anterior @garciadiputado...bienvenidas sugerencias, bloqueo a quienes insultan....",https://www.twitter.com/ReneManuelGarc2,0,2159,905,9,957224,278680,9.902966878141568
Miguel Mellado Suazo,60,63,Masculino,0,ChV,RN,melladosuazo,Ingeniero Comercial RN Gobernador de Cautin 2010 2013 Consejero Regional de la Araucania 2014 2016 - Diputado 2018 2022,https://www.twitter.com/melladosuazo,0,4078,2079,9,957224,278680,9.902966878141568
Andres Molina Magofke,55,58,Masculino,0,ChV,EVOP,andresmolinam,"Fundador y Vicepresidente  de Evopoli , ex Intendente en la Araucania 2010-2014Ingeniero Civil Industrial Diputado electo Cautin dto 23",https://www.twitter.com/andresmolinam,0,9204,8031,9,957224,278680,9.902966878141568
Sebastian Alvarez Ramirez,48,51,Masculino,0,ChV,EVOP,s_alvarezIX,Araucania | Emprendedor |Ex Director SERNATUR |Diputado distrito 23 | Presidente regional  de Evópoli,https://www.twitter.com/s_alvarezIX,0,3698,12091,9,957224,278680,9.902966878141568
Ricardo Celis Araya,63,66,Masculino,0,LFM,PPD,ricardocelis,"medico ginecologo - obstetra y Diputado por distrito 23 Profesor Asistente de la UFRO ,tres hijas y un hijo. Creo en la gente y en su fuerza",https://www.twitter.com/ricardocelis,0,5263,23204,9,957224,278680,9.902966878141568
Fernando Meza Moncada,72,75,Masculino,0,LFM,PRSD,Diputadofmeza,Diputado de la República,https://www.twitter.com/Diputadofmeza,0,2580,368,9,957224,278680,9.902966878141568
Rene Saffirio Espinoza,63,66,Masculino,0,IND,Ind,renesaffirio,"Abogado.Diputado Independiente. Región de La Araucanía.Chile.COMISIONES:Constitución,legislación y justicia,Familia-Adulto Mayor y Ética-Transparencia.",https://www.twitter.com/renesaffirio,0,25078,9059,9,957224,278680,9.902966878141568
Bernardo Berger Fett,72,75,Masculino,0,ChV,RN,DiputadoBerger,Diputado Región de Los Ríos - Distrito 24 https://t.co/XwT87sLtds,https://www.twitter.com/DiputadoBerger,0,3558,12341,14,384837,109051,9.971328915059232
Marcos Ilabaca Cerda,48,51,Masculino,0,LFM,PS,marcos_ilabaca,"Contador, abogado, pero por sobre todo amante del Servicio Público, concejal de #valdiviacl por tres períodos y actualmente Diputado por la Región de #losrios",https://www.twitter.com/marcos_ilabaca,0,4932,14246,14,384837,109051,9.971328915059232
Patricio Rosas Barrientos,50,53,Masculino,0,LFM,PS,patriciorosas,"Médico, Ignaciano, Pacifista, Estudioso, Donante,Trabajo x los pacientes de Chile 1 año Diputado #LosRíos #AC #Ecología #NoMasAFP #NoTPP11 CuentaPersonal",https://www.twitter.com/patriciorosas,0,51265,11520,14,384837,109051,9.971328915059232
Ivan Alberto Flores Garcia,63,66,Masculino,0,CODE,PDC,ifloresdiputado,"Diputado Demócrata Cristiano del Distrito 24 región de Los Ríos.

Presidente de la Cámara de Diputados de Chile 🇨🇱",https://www.twitter.com/ifloresdiputado,0,4816,2111,14,384837,109051,9.971328915059232
Harry Jurgensen Rundshagen,50,53,Masculino,0,ChV,RN,hjurgensen,Papá de León.Regionalista a concho.Comprometido con el agro y la ganadería del país. Diputado por la Región De Los Lagos,https://www.twitter.com/hjurgensen,0,1906,3125,10,828708,218675,9.924915494282812
Javier Hernandez Hernandez,64,67,Masculino,0,ChV,UDI,JavierHDiputado,"Comprometido con Osorno, Pto. Varas, Purranque, Los Muermos, Puyehue, Frutillar, Pto. Octay, San Juan de la Costa, Río Negro, Fresia, Llanquihue y San Pablo.",https://www.twitter.com/JavierHDiputado,0,1741,3175,10,828708,218675,9.924915494282812
Fidel Espinoza Sandoval,49,52,Masculino,0,LFM,PS,fideldiputado,Regionalista hasta la muerte y no sólo de discurso. @pschile de corazón. Ex Presidente @camaradiputados 2017-2018.,https://www.twitter.com/fideldiputado,0,23920,21133,10,828708,218675,9.924915494282812
Emilia Iris Nuyado Ancapichun,50,53,Femenino,1,LFM,PS,EmiliaNuyado,NA,https://www.twitter.com/EmiliaNuyado,0,2220,5,10,828708,218675,9.924915494282812
Alejandro Santana Tirachini,53,56,Masculino,0,ChV,RN,diputadosantana,"Jefe de bancada @RNchile, representante del distrito 26: Provincias de Chiloé, Palena y LLanquihue Sur (Puerto Montt, Calbuco, Maullín y Cochamó).",https://www.twitter.com/diputadosantana,0,5007,4328,10,828708,218675,9.924915494282812
Carlos Ignacio Kuschel Silva,66,68,Masculino,0,ChV,RN,kuscheldiputado,Diputado de la República de Chile 2018 - 2022 Representando a #Calbuco #Chiloé #Cochamó #Maullín #Palena #PuertoMontt Soy parte de @RNchile #RNChile #ChileVamos,https://www.twitter.com/kuscheldiputado,0,827,275,10,828708,218675,9.924915494282812
Jenny Alvarez Vera,45,47,Femenino,1,LFM,PS,jennyalvarezv,"Diputada Distrito 26, Puerto Montt, Chiloé y Palena, Calbuco, Maullín y Cochamo. Región de Los Lagos. Partido Socialista de CHILE. Facebook/Jenny Alvarez Vera",https://www.twitter.com/jennyalvarezv,0,6811,6491,10,828708,218675,9.924915494282812
Alejandro Javier Bernales Maldonado,40,43,Masculino,0,FA,PL,abernales,"Diputado Liberal (#PuertoMontt #Calbuco #Maullín #Cochamó #Chiloé #Palena) // Adicto al Diseño, el Rock y los 90s // #ElFuturoEsLiberal",https://www.twitter.com/abernales,0,7752,8377,10,828708,218675,9.924915494282812
Gabriel Hector Ascencio Mansilla,65,68,Masculino,0,CODE,PDC,G_Ascencio,"Chilote! Abogado de la Vicaría de la Solidaridad, ex Gobernador, ex Presidente de la Cámara de Diputados y ex Embajador de Chile en Ecuador. #AscencioDiputado",https://www.twitter.com/G_Ascencio,1,26915,16894,10,828708,218675,9.924915494282812
Rene Osvaldo Alinco Bustos,60,63,Masculino,0,LFM,PPD,alinco_rene,Diputado por la XI Región de Aysén.,https://www.twitter.com/alinco_rene,0,831,721,11,103158,21060,10.354766331399658
Miguel Angel Calisto Aguila,33,36,Masculino,0,CODE,PDC,MiguelCalisto,Papá de Adolfito. Diputado por la Patagonia Aysen. Ex Pdte del Consejo Regional de Aysen. 32 años. Católico. Periodista. Democrata Cristiano. #pro Vida,https://www.twitter.com/MiguelCalisto,0,4184,11863,11,103158,21060,10.354766331399658
Aracely Leuquen Uribe,38,41,Femenino,1,ChV,RN,aracelyleuquen,DIPUTADA RN DE LA REGION DE AYSEN,https://www.twitter.com/aracelyleuquen,0,7279,33667,11,103158,21060,10.354766331399658
Gabriel Boric Font,33,36,Masculino,0,FA,PH,gabrielboric,Magallánico. Cruzado. Autonomista (@MovAutonomista). También Diputado.,https://www.twitter.com/gabrielboric,0,754533,46987,12,166533,13485,11.262820083632523
Karim Antonio Bianchi Retamales,36,39,Masculino,0,LFM,PRSD,KarimBianchi,Diputado por el distrito 28 Región de Magallanes y Antártica Chilena,https://www.twitter.com/KarimBianchi,0,3952,119,12,166533,13485,11.262820083632523
Sandra Amar Mancilla,63,66,Femenino,1,ChV,UDI,SandraAmarM,Diputada UDI por la región de Magallanes. Puntarenense. Asistente social U. de Chile. 40 años de trabajo social,https://www.twitter.com/SandraAmarM,0,480,608,12,166533,13485,11.262820083632523
