pais,pais_codigo,anio,robos_c100k
Argentina,ARG,2006,738.2436665942851
Argentina,ARG,2007,662.4856543210766
Argentina,ARG,2008,703.784513590813
Argentina,ARG,2009,NA
Argentina,ARG,2010,NA
Argentina,ARG,2011,NA
Argentina,ARG,2012,NA
Argentina,ARG,2013,NA
Argentina,ARG,2014,667.8754808898663
Argentina,ARG,2015,626.289722651546
Argentina,ARG,2016,616.2131371435107
Chile,CHL,2006,941.8808769131371
Chile,CHL,2007,1018.0462435407608
Chile,CHL,2008,1054.1868408856544
Chile,CHL,2009,1135.527844595204
Chile,CHL,2010,1100.32427971547
Chile,CHL,2011,1213.3543305838036
Chile,CHL,2012,1103.973449408212
Chile,CHL,2013,1087.1224628187786
Chile,CHL,2014,1100.920993870828
Chile,CHL,2015,1044.5607844896838
Chile,CHL,2016,969.1770553688023
Uruguay,URY,2006,3061.6536622313192
Uruguay,URY,2007,3162.7901684591707
Uruguay,URY,2008,3152.329098753023
Uruguay,URY,2009,2810.433706886169
Uruguay,URY,2010,2823.2745527743327
Uruguay,URY,2011,2881.9798063813346
Uruguay,URY,2012,2850.555099731304
Uruguay,URY,2013,2859.8843018129373
Uruguay,URY,2014,2973.5818731492427
Uruguay,URY,2015,3043.6082565556344
Uruguay,URY,2016,3205.4911424139195
