pais_codigo,anio,population_total,population_growth_annual_percent,surface_area_sq_km,population_density_people_per_sq_km_of_land_area,poverty_headcount_ratio_at_national_poverty_lines_percent_of_population,poverty_headcount_ratio_at_1_90_a_day_2011_ppp_percent_of_population,gni_atlas_method_current_us,gni_per_capita_atlas_method_current_us,gni_ppp_current_international,gni_per_capita_ppp_current_international,income_share_held_by_lowest_20_percent,life_expectancy_at_birth_total_years,fertility_rate_total_births_per_woman,adolescent_fertility_rate_births_per_1_000_women_ages_15_19,contraceptive_prevalence_any_methods_percent_of_women_ages_15_49,births_attended_by_skilled_health_staff_percent_of_total,mortality_rate_under_5_per_1_000_live_births,prevalence_of_underweight_weight_for_age_percent_of_children_under_5,immunization_measles_percent_of_children_ages_12_23_months,primary_completion_rate_total_percent_of_relevant_age_group,school_enrollment_primary_percent_gross,school_enrollment_secondary_percent_gross,school_enrollment_primary_and_secondary_gross_gender_parity_index_gpi,prevalence_of_hiv_total_percent_of_population_ages_15_49,forest_area_sq_km,terrestrial_and_marine_protected_areas_percent_of_total_territorial_area,annual_freshwater_withdrawals_total_percent_of_internal_resources,urban_population_growth_annual_percent,energy_use_kg_of_oil_equivalent_per_capita,co2_emissions_metric_tons_per_capita,electric_power_consumption_k_wh_per_capita,gdp_current_us,gdp_growth_annual_percent,inflation_gdp_deflator_annual_percent,agriculture_forestry_and_fishing_value_added_percent_of_gdp,industry_including_construction_value_added_percent_of_gdp,exports_of_goods_and_services_percent_of_gdp,imports_of_goods_and_services_percent_of_gdp,gross_capital_formation_percent_of_gdp,revenue_excluding_grants_percent_of_gdp,time_required_to_start_a_business_days,domestic_credit_provided_by_financial_sector_percent_of_gdp,tax_revenue_percent_of_gdp,military_expenditure_percent_of_gdp,mobile_cellular_subscriptions_per_100_people,high_technology_exports_percent_of_manufactured_exports,statistical_capacity_score_overall_average,merchandise_trade_percent_of_gdp,net_barter_terms_of_trade_index_2000_100,external_debt_stocks_total_dod_current_us,total_debt_service_percent_of_exports_of_goods_services_and_primary_income,net_migration,personal_remittances_received_current_us,foreign_direct_investment_net_inflows_bo_p_current_us,net_official_development_assistance_and_official_aid_received_current_us
ARG,2007,39684295,0.998858903672293,2780400,14.5008367772747,NA,2.9,258429317135.467,6510,656745628034.243,16550,3.9,74.787,2.38,62.938,NA,99.4,15.7,NA,94,101.852600097656,119.352691650391,93.7097015380859,1.04800999164581,0.4,295500,NA,NA,1.18272506350163,1858.39221787863,4.41424641662401,2455.656576487,287530508430.568,9.00765087504757,14.9399250245835,7.45235394606923,27.4152361334783,22.6627503115066,18.2824203070644,20.099113202908,17.9300729987004,29.5,25.3323505425291,12.4482684483004,0.792548175031362,101.8079595,7.03152504498781,85.5555555555555,34.9475958389525,124.3892748,NA,NA,-120000,606498926.517186,6473150000,85810000
CHL,2007,16530195,1.06853750831829,756096.015625,22.2319877359016,NA,NA,143603828920.903,8690,248814945028.446,15050,NA,78.099,1.898,55.064,NA,99.7,8.9,0.6,92,NA,106.634986877441,95.568962097168,0.986790001392365,0.3,161175.99609375,NA,3.9954802259887,1.13530256801255,1852.50524872816,4.33379715121328,3339.46453747218,173605968179.255,4.90532450356156,5.33801881220055,3.71050110018044,39.9437815895015,45.069003891647,31.3384116080082,20.8454648347173,25.9459437649432,40,69.4953449558919,20.2569326180008,2.31880220228835,84.42248866,7.77716950372185,94.4444444444445,66.3203006253319,198.4444157,NA,NA,107169,NA,13474760472.5025,108680000
URY,2007,3331749,0.19071229952864,176220,19.0363901268426,29.6,0.3,21283077870.0454,6390,44113794682.749,13240,4.8,76.251,2.048,61.103,NA,98.6,12.7,4.2,96,104.140640258789,114.698219299316,91.8364715576172,0.978940010070801,0.4,16055.9997558594,NA,NA,0.43201142068766,950.114789559478,1.80172005754335,2419.14982191035,23410572634.3147,6.5415108477149,9.4174734759646,8.49936419124625,23.6440486336445,29.0904872549768,30.1199605891974,19.5260552912207,26.5073231103043,43,25.0288807746523,18.4105090864616,1.77716708828507,90.17254901,3.5118666140705,90,43.3393926687988,89.37381989,NA,NA,-50000,96476000,1358736505.93224,37150000
ARG,2008,40080160,0.992593129814448,2780400,14.6454877973026,NA,2.6,307363845739.273,7670,697740913973.265,17410,4,74.952,2.366,63.0638,NA,94.8,15.3,NA,96,105.063499450684,119.444183349609,95.248176574707,1.05099999904633,0.4,292320,NA,NA,1.1739133066177,1937.64146650113,4.7182244282458,2772.84322218275,361558037110.419,4.05723310346406,23.1711649813124,7.3189545972436,26.2724599395946,22.0609003826242,18.341772996414,19.5727758777106,18.9717341522181,30,21.4636291131315,13.3178463574032,0.762756475390461,116.0393921,9.3763494306616,86.6666666666667,35.258516452524,139.4167934,NA,NA,NA,705144403.358363,9725560000,120000000
CHL,2008,16708258,1.07143797237155,756096.015625,22.4714703573841,NA,NA,167969056839.072,10050,254260262604.88,15220,NA,78.33,1.895,54.8116,NA,99.85,8.9,0.5,96,NA,106.429336547852,95.0621795654297,0.986010015010834,0.3,161554.00390625,NA,NA,1.13931172256813,1815.20784512664,4.30034046637298,3338.2893656538,179638496278.574,3.52953055326518,-0.05343904925472,3.71072394497772,34.2392936192039,41.42416774923,39.3656056799178,26.8176298441866,24.5048345682977,40,72.7369385727317,18.7118596070048,2.5858318761462,88.55856188,6.81574565267327,92.2222222222222,70.8628732911427,169.6316595,NA,NA,NA,NA,18473102612.1039,106450000
URY,2008,3340221,0.253958112920981,176220,19.0847960233116,24.2,0.2,25752230256.5605,7710,47817999407.611,14320,5,76.437,2.03,61.013,NA,99.6,11.9,NA,95,106.438583374023,113.939140319824,87.6876220703125,1.03877997398376,0.4,16475,NA,NA,0.48721230461759,1243.37491441435,2.4745123152031,2594.43911046604,30366213119.2928,7.17614466203757,8.02353641066875,9.1689240431227,22.7673513100076,30.2030239732024,35.005071033393,23.2080945931715,26.5110150759749,43,34.8179886442559,18.2418412723851,1.86952468832085,105.0174824,4.81703592590714,92.2222222222222,49.4332300871028,96.57215905,NA,NA,NA,107912000,2141969341.14865,33070000
ARG,2009,40482788,0.99954473407156,2780400,14.7926100508278,NA,2.6,315586430025.773,7800,657382734890.712,16240,4,75.116,2.355,63.1896,NA,97.9,14.9,NA,96,104.985946655273,118.21312713623,98.8311767578125,1.04797995090485,0.4,289140,NA,NA,1.17722724168998,1865.33726382679,4.44538780283611,2730.12323163118,332976484577.619,-5.91852507634947,15.3776493708921,5.27362346890139,25.2842047993735,19.5609850560818,14.4961418494061,16.0531123592112,20.1360210279783,25,25.24733072052,12.3830415594157,0.886508576686385,129.6422074,9.07008573476773,87.7777777777778,28.36776900922,140.6669809,NA,NA,NA,628542376.088907,4017158924.88408,113670000
CHL,2009,16886186,1.05928030084099,756096.015625,22.7107714130507,25.3,2.6,168009833888.941,9950,254255791260.918,15060,4.6,78.558,1.892,54.5592,NA,99.8,8.8,NA,93,NA,104.632316589355,92.3711929321289,0.989090025424957,0.3,161932.001953125,NA,NA,1.12595346783564,1748.32848578122,3.95621640079056,3296.54073453887,172389498444.621,-1.5642394429907,4.65476499108041,3.74118159285523,34.4401757633334,37.0407736118743,29.2964293060456,21.0583689492567,19.0071282565903,40,69.6488753125128,14.5230954986113,2.26703956909053,97.41822695,6.37375406461089,92.2222222222222,57.0040523852261,177.4518558,NA,NA,NA,51938053.6776965,13855126064.8962,79190000
URY,2009,3349676,0.282665227743392,176220,19.1388184207519,21,0.2,29494248572.5356,8810,50075569089.2715,14950,4.8,76.603,2.018,60.923,NA,99.7,11.2,NA,94,105.870742797852,113.365592956543,90.0732192993164,1.03801000118256,0.4,16894.0002441406,NA,NA,0.506876144105515,1232.98193616338,2.40622257197413,2670.10898964557,31660911277.0294,4.24349417792638,7.74754208731505,7.88699610056756,24.0794070419123,27.0992157591562,26.2952035137117,19.6247745184382,29.2279670094655,64,28.0722604841738,18.7222209518185,1.82261337958887,122.7450058,5.99752205425412,92.2222222222222,38.8870676913604,103.196645,NA,NA,NA,101073000,1602591812.77207,52160000
ARG,2010,40788453,0.752213052268901,2780400,14.904301546759,NA,1.1,378241273935.818,9270,729853440301.322,17890,4.6,75.278,2.346,63.3154,NA,94.97,14.4,NA,95,104.809532165527,116.719512939453,101.800773620605,1.0359799861908,0.4,285960,NA,NA,0.926281041121643,1928.65235658729,4.60716374803428,2877.65265331343,423627422092.49,10.1253981561002,20.915124272047,7.13216745078964,25.2587762576722,18.9338234053709,16.0371898581987,17.7055338062046,21.2413164267537,24.5,24.9211841498421,12.8530426903256,0.814878105497939,139.580018,7.74779626704759,86.6666666666667,29.5023394337096,144.6497531,NA,NA,NA,644300740.057192,11332718626.4345,128530000
CHL,2010,17062536,1.03892916043728,756096.015625,22.9479501660676,NA,NA,183353969443.646,10750,288017255793.192,16880,NA,78.779,1.884,54.3068,NA,99.83,8.7,NA,93,NA,101.367057800293,92.8026809692383,1.00094997882843,0.4,162310,NA,NA,1.1044180818879,1807.91565802411,4.23447610601378,3306.95272965285,218537551220.071,5.84417729578996,8.96229374743301,3.61588964467582,35.6950945178792,37.7451125423707,31.3186034536109,23.1399861188729,21.4088615219363,36.5,65.356544083365,17.3565143958498,2.2422354113728,116.3498908,6.28377913476771,94.4444444444444,59.6309418095245,216.4661962,NA,NA,NA,62324923.1059028,16019683111.6555,188540000
URY,2010,3359275,0.2861552141341,176220,19.193663581305,18.5,0.1,35059817778.1551,10440,54357702760.8174,16180,5.1,76.75,2.011,60.833,NA,99.8,10.7,NA,95,104.340759277344,112.071403503418,100.983772277832,1.06272995471954,0.5,17313.0004882813,NA,NA,0.50353162547963,1216.64198376138,1.90157519107546,2815.78614433174,40284481651.9021,7.80340966844247,4.90702526097988,7.20206450219158,24.5288557130516,26.3429945435247,25.3560426604632,19.4076054809758,29.9100074833375,64,31.6885321654761,18.886388740713,1.87580785777619,132.0867747,6.72058069148209,95.5555555555555,38.0940733769511,102.6394344,NA,NA,NA,124891000,2191067966.51532,47520000
ARG,2011,41261490,1.15305928006388,2780400,15.0771515955406,NA,0.9,442037545215.98,10710,794325172722.152,19250,4.8,75.439,2.338,63.4412,NA,97.14,13.9,NA,95,104.423713684082,114.773109436035,103.603286743164,1.03973996639252,0.4,282991.9921875,NA,NA,1.30814131603172,1952.05105293095,4.64437307038597,2929.07502855568,530163281574.658,6.00395169280579,23.7034721839593,6.99873377022519,25.2126976058843,18.4492091453155,16.7569458546489,18.39845891735,20.196408074281,24.5,25.9830634761961,12.6636277012315,0.764287094036749,146.9554555,7.35437508072018,85.5555555555555,29.8719291780486,160.459876,NA,NA,NA,697379575.129916,10839930944.6815,95180000
CHL,2011,17233576,0.997439115198244,756096.015625,23.1779873303205,22.2,1.6,212599041048.838,12340,329368731234.727,19110,4.9,78.986,1.87,54.0544,NA,99.85,8.5,NA,91,94.2626113891602,100.44149017334,92.2592926025391,1.00001001358032,0.4,165318.0078125,NA,NA,1.06402130316429,1950.23836027996,4.59822558011175,3583.5859023107,252251992029.442,6.11091882913644,3.11290692489503,3.67120659392567,34.701322001914,37.7619574718629,34.4437084746829,24.6427653865006,22.5686411748605,9.5,70.1472001732872,18.858990847612,2.25604304567862,129.4870432,5.0929223846664,94.4444444444444,61.8956459942552,219.7968682,NA,NA,NA,70917381.8950211,24149598879.9503,167420000
URY,2011,3368934,0.287119696654749,176220,19.2488515598217,13.7,0.1,40636375992.4059,12060,58558594372.8545,17380,5.4,76.882,2.008,60.743,NA,99.5,10.3,4,95,NA,NA,NA,NA,0.5,17540.400390625,NA,NA,0.496616705854157,1311.48784749122,2.30430130124247,2822.25772306611,47962439303.7247,5.16213302579712,9.00967554053646,8.82916199388321,22.7051202488207,26.4221494258189,26.8248845854367,20.8823110099016,30.0233744985574,6.5,29.3600215827906,19.1018312982026,1.71974893241654,141.2145504,6.21884377725821,94.4444444444444,38.8595748476717,105.0579047,NA,NA,NA,128836000,2690094196.66277,18930000
ARG,2012,41733271,1.13690569378967,2780400,15.2495426957383,NA,0.8,496046283909.912,11890,805324243204.842,19300,4.9,75.598,2.33,63.567,55.4,98.2,13.3,NA,94,103.231369018555,112.979568481445,105.196243286133,1.03373003005981,0.4,280024.00390625,NA,12.9075342465753,1.28077370283392,1936.80353979442,4.60917985556416,3000.60352326565,545982375701.128,-1.02642045443208,22.3148806733049,5.7817442068501,24.4290570649122,16.2378594620246,14.2886829096862,16.5019865298875,21.182234604867,24.5,30.0611634660132,12.9528415127413,0.784824721019786,154.059023,6.6686104270513,85.5555555555555,27.0990432264413,167.3631137,NA,NA,30000,577532962.100773,15323933916.8241,177760000
CHL,2012,17400347,0.963057456532428,756096.015625,23.402282979991,NA,NA,249672636629.59,14350,356585691606.824,20490,NA,79.176,1.849,53.802,NA,99.83,8.4,NA,90,96.466178894043,99.9265823364258,90.1779403686523,1.00264000892639,0.4,168325.99609375,NA,NA,1.0284599807799,2138.29936839765,4.65362524092192,3807.51027551347,267122320056.702,5.31862800041417,1.13016091761556,3.30478097611631,32.5391180201738,34.1218587192481,34.1499876806826,26.4494379517552,22.10931813902,7.5,74.59893414885,18.9948668666767,2.04694163472049,137.589055,5.20455846411352,94.4444444444444,59.0980192020233,204.6828122,NA,NA,163730,72030040.7443826,30292554797.5389,128080000
URY,2012,3378974,0.297573926873414,176220,19.3062164324077,12.4,0.1,45188385943.8864,13370,59350552262.5048,17560,5.6,77.004,2.006,60.653,NA,99.5,9.9,NA,96,NA,NA,NA,NA,0.5,17767.8002929688,NA,NA,0.43170566100129,1372.40032033392,2.57310562318621,2946.4565279283,51264390116.4909,3.53817870685688,8.55755169959735,8.12177248705539,22.862228924235,25.9196294239831,29.1415247366413,22.9153797317192,29.9725265386794,6.5,31.4032423127411,18.8218856083556,1.80366982524901,147.8394779,9.54163303484646,94.4444444444444,39.7176284624328,109.0923897,NA,NA,-30000,91602186.213136,6043903328.81385,17360000
ARG,2013,42202935,1.11910919999772,2780400,15.421160233713,NA,0.8,543285805981.272,12870,841055034261.13,19930,5,75.756,2.322,63.41,81.3,97.04,12.6,NA,94,100.882888793945,110.559577941895,106.324806213379,1.0300999879837,0.4,277055.99609375,NA,NA,1.25948243003778,1967.02167752077,4.49853999490794,2967.37655805218,552025140252.246,2.40532378079436,23.9487984162746,6.05291843670451,24.0058814423072,14.6171733884386,14.7167556136651,17.3057789012596,21.5652829643596,24.5,32.6410320868475,12.4529027558077,0.837736430159436,159.6394613,7.47818132812086,76.6666666666667,27.2460417167365,156.3571727,NA,NA,NA,535004409.367289,9821661858.15874,34730000
CHL,2013,17571507,0.978852117140791,756096.015625,23.6324815360804,14.4,0.9,268351959167.388,15270,377205694908.338,21470,5.1,79.349,1.821,51.252,NA,99.8,8.3,0.5,90,95.5519180297852,98.17578125,99.2485198974609,0.992139995098114,0.4,171334.00390625,NA,NA,1.04420300070335,2202.11521982719,4.73643108698645,3879.86073135332,278384332694.359,4.04500429817161,1.97664526668761,3.38186805064519,31.1937573014321,32.1994733836984,32.7740032218486,25.6255681679904,20.906456564983,7.5,78.3449634201173,17.3869727033417,1.9864194739788,134.6574258,6.72954405120105,95.5555555555556,56.0818198671435,198.2863808,NA,NA,NA,71108144.9065198,20824865443.2657,80560000
URY,2013,3389439,0.309230785390311,176220,19.366009598903,11.5,0.2,51936564376.7568,15320,64464340387.3184,19020,5.6,77.124,2.004,60.2678,NA,98.2,9.6,NA,96,102.989791870117,109.728179931641,109.030990600586,NA,0.5,17995.2001953125,NA,NA,0.418962895632374,1357.83178278175,2.23843031250894,3001.38164457304,57531233350.9101,4.63753864311411,8.15372981461537,7.61620062623639,23.6692403395214,23.3531364214523,26.3647100495706,22.4844120103366,31.0957430069464,6.5,35.3599429299113,19.0414123872143,1.81655130184474,155.4222036,8.89651605302129,92.2222222222222,35.9960994990079,110.979202,NA,NA,NA,92573664.5089259,755137014.256028,36520000
ARG,2014,42669500,1.09946109101833,2780400,15.5916453818299,NA,0.7,526784533342.356,12350,836246704582.003,19600,5.1,75.913,2.312,63.253,NA,99.6,12,NA,95,101.810760498047,109.973167419434,106.778343200684,1.02965998649597,0.4,274088.0078125,NA,12.9075342465753,1.2396386789085,2029.92282543737,4.78150777487432,3074.70207056563,526319673731.638,-2.51261532081396,40.2829716315506,6.71270351428559,24.2773944936602,14.4054785893756,14.0013150558519,17.2628810064651,22.3322943705014,24.5,34.0577525540757,12.6109666067191,0.878100919364039,143.6158316,7.07480375467349,83.3333333333333,25.4864119079835,153.3167019,NA,NA,NA,505346891.730357,5065335541.96486,48790000
CHL,2014,17758959,1.06114512594635,756096.015625,23.884591723835,NA,NA,266267394057.112,14990,390604167246.858,21990,NA,79.504,1.787,48.702,NA,99.75,8.1,0.5,97,95.3303909301758,98.0995712280273,99.4184494018555,0.992030024528503,0.4,174341.9921875,NA,NA,1.12645643978205,2032.93475704291,4.64906220009855,3879.6756048595,260541637327.864,1.76673978360202,5.9063490569844,3.73174771427133,31.0352043802893,33.1107497213876,32.1618381164458,23.241262174255102,20.5663878483294,7.5,80.5705172568643,16.9701561950713,1.95820763854893,133.3451921,7.06107104664962,95.5555555555556,56.7728834120522,194.2478398,NA,NA,NA,60612706.416405,23736252540.8038,245580000
URY,2014,3400434,0.323864956249053,176220,19.4288309907439,9.7,0.1,53821654200.6527,15830,67120595545.5464,19740,5.6,77.244,2.002,59.8826,NA,99.9,9.2,NA,96,103.276878356934,108.554718017578,110.519203186035,NA,0.5,18222.6000976563,NA,NA,0.4313399374677,1386.02013742952,1.98424083514046,3085.1944193006,57236013086.1223,3.23879121621601,9.37224638112342,6.73546217225791,24.7006411482149,23.542661614912,25.5449624494588,21.2028122361888,28.8994801913309,6.5,35.6368529399903,18.5667228699613,1.80742945604435,161.658505,8.28583743454617,90,36.0210274761414,115.3013724,NA,NA,NA,91860385.9229639,3830457987.1631,91570000
ARG,2015,43131966,1.07800134449604,2780400,15.7606327351655,NA,NA,543279945585.475,12600,869846606664.772,20170,NA,76.068,2.301,63.096,NA,99.6,11.5,NA,89,101.480186462402,109.926261901855,107.07502746582,1.02662003040314,0.4,271120,NA,NA,1.21579706300955,NA,NA,NA,594749285413.212,2.73115982828946,26.5799916024707,5.1566859021408,23.153056135905,10.7056520504538,11.7805740385254,17.0707048841583,22.1490803040164,24.5,40.0918095238928,12.3365069418291,0.850128583186764,143.566834,9.26893795047756,95.5555666666667,19.6703052646326,146.0703277,NA,NA,NA,494433532.139966,11758994011.286,-18870000
CHL,2015,17969353,1.17775747141868,756096.015625,24.1675573408594,11.7,1.3,254067754999.065,14140,395579058008.75,22010,4.8,79.646,1.75,46.152,NA,99.7,7.9,NA,96,93.7303009033203,98.7030334472656,99.8874130249023,0.991100013256073,0.5,177350,NA,NA,1.24302725952207,2005.55106241165,NA,NA,243919079437.22,2.30376703614562,4.95353806346355,3.63888345039953,29.7760470448941,29.3763486014856,29.5959266957791,23.785732337397,21.0190646617535,7.5,83.514624144668,17.4437618328672,1.89786171068151,129.1440655,6.78371661493198,95.5555666666667,51.0099498108446,188.90009,NA,NA,NA,58992215.8381229,21055618323.7462,54330000
URY,2015,3412009,0.339819684032791,176220,19.4949662895669,9.7,0.1,53375202638.1058,15640,69425897371.4788,20350,5.6,77.369,1.997,59.4974,79.5907284900367,NA,8.9,NA,96,102.182861328125,107.423179626465,111.648239135742,NA,0.5,18450,NA,NA,0.445091707718731,NA,NA,NA,53274304222.136,0.370741266957879,9.01628062144863,6.13144194567362,25.4417580559805,22.4778512508856,22.8503895568039,19.7053903987007,30.4495515322158,6.5,36.404533723978,18.5094794019647,1.82058813645626,151.390984,14.2534227608685,88.8888666666667,32.2425609321478,117.4916411,NA,NA,NA,84918076.1613672,2420435325.50321,23180000
ARG,2016,43590368,1.05718157762752,2780400,15.9281350828921,30.3,0.6,532589675300.734,12220,858301788492.153,19690,5,76.221,2.288,62.939,NA,NA,10.9,NA,90,102.44548034668,109.484512329102,108.015281677246,1.01897001266479,0.4,268151.9921875,7.52859334896618,NA,1.19260291906809,NA,NA,NA,557531376217.967,-2.08032784377811,41.1193799882279,6.26456582010254,22.0541072112108,12.5270951690009,13.5667926798789,17.6632278606203,21.2567013071388,24.5,37.4890374553872,12.0972836411962,0.813140077928875,146.4538276,9.02016531819385,88.8889,20.4045915355847,155.1966186,NA,NA,NA,391579047.663514,3260164341.77393,2620000
CHL,2016,18209068,1.32520160643522,756700,24.4899577081939,NA,NA,244328645513.562,13420,405214219662.615,22250,NA,79.779,1.713,43.602,76.2635245751857,NA,7.7,NA,93,92.7776031494141,99.7986297607422,99.6315994262695,0.992060005664825,0.5,180358.0078125,13.5939050071834,NA,1.39614305163962,NA,NA,NA,250339876460.228,1.67054017325985,4.46973968609706,3.99347043968632,28.8971156290166,28.1599027720173,27.550444476679,22.2208292632451,20.7703551672642,7.5,83.3320214322969,17.3963114664907,1.91848330067582,127.972519,8.17114467952459,95.5555666666667,47.7410957015422,197.0407307,NA,NA,NA,64551112.6635094,12135710063.5419,178440000
URY,2016,3424132,0.354674156320409,176220,19.5642326591247,9.4,0.1,51290316060.2733,14980,71036907660.1062,20750,5.8,77.498,1.991,59.1122,NA,NA,8.4,NA,95,102.204078674316,105.482032775879,115.238670349121,NA,0.6,18677.3999023438,2.32500934184476,NA,0.458775109370169,NA,NA,NA,52687612261.5424,1.68979816237868,7.3454909467543,5.89193972971934,25.5392781241608,21.4275434636214,19.8826827745052,17.7983886688053,36.1221981027519,6.5,35.0316832544422,23.7093047211716,1.88303815428413,149.4317533,10.0168664742771,88.8888666666667,28.811326511906,120.6537206,NA,NA,NA,85051786.0458852,-497628383.816029,18250000
