PAÍS,AÑO,% DE BUROCRACIA EN GASTO FISCAL
Argentina,2000,14.6946991724446
Argentina,2001,14.2387188197442
Argentina,2002,11.3447434352894
Argentina,2003,11.6703669135449
Argentina,2004,11.506017531149
Argentina,2005,NA
Argentina,2006,NA
Argentina,2007,NA
Argentina,2008,NA
Argentina,2009,NA
Argentina,2010,NA
Argentina,2011,NA
Argentina,2012,NA
Argentina,2013,NA
Argentina,2014,12.8727107566052
Argentina,2015,13.1683821566656
Argentina,2016,12.4328607996944
Argentina,2017,NA
Bolivia,2000,28.2558183112843
Bolivia,2001,26.3875406205766
Bolivia,2002,25.2633640004022
Bolivia,2003,24.2701548757439
Bolivia,2004,24.342740722365
Bolivia,2005,23.255225791144
Bolivia,2006,20.8305688439898
Bolivia,2007,22.2160686672813
Bolivia,2008,NA
Bolivia,2009,NA
Bolivia,2010,NA
Bolivia,2011,NA
Bolivia,2012,NA
Bolivia,2013,NA
Bolivia,2014,NA
Bolivia,2015,NA
Bolivia,2016,NA
Bolivia,2017,NA
Brasil,2000,21.0198159737463
Brasil,2001,21.033384000247
Brasil,2002,21.1033467650295
Brasil,2003,17.8816104756212
Brasil,2004,18.8236559567186
Brasil,2005,16.749262984464
Brasil,2006,15.7301058803005
Brasil,2007,15.9568020578806
Brasil,2008,15.4071266896388
Brasil,2009,17.2759946458577
Brasil,2010,13.6103893890353
Brasil,2011,12.7469673982704
Brasil,2012,12.3427892005262
Brasil,2013,12.3273641069746
Brasil,2014,11.9715331598483
Brasil,2015,11.0090767254838
Brasil,2016,11.2282138025397
Brasil,2017,NA
Chile,2000,20.919597014662
Chile,2001,20.772968076638
Chile,2002,20.6696366635322
Chile,2003,20.8298708129574
Chile,2004,20.9304567346167
Chile,2005,20.9606259885124
Chile,2006,20.8632549701414
Chile,2007,21.0005147526154
Chile,2008,20.3486167763565
Chile,2009,20.3390521067423
Chile,2010,20.3808645197226
Chile,2011,20.3605082853984
Chile,2012,20.543472045523
Chile,2013,21.0008301652848
Chile,2014,20.9606229411625
Chile,2015,20.8678876796746
Chile,2016,21.0920895501539
Chile,2017,NA
Colombia,2000,45.0072959677038
Colombia,2001,NA
Colombia,2002,NA
Colombia,2003,20.1810664548139
Colombia,2004,NA
Colombia,2005,NA
Colombia,2006,NA
Colombia,2007,NA
Colombia,2008,18.3588265884608
Colombia,2009,18.7709914797218
Colombia,2010,18.3614925469826
Colombia,2011,23.026643541949
Colombia,2012,11.2504733839177
Colombia,2013,7.82903341843354
Colombia,2014,8.52814109825431
Colombia,2015,9.87088168909727
Colombia,2016,13.2711904517428
Colombia,2017,NA
Ecuador,2000,NA
Ecuador,2001,NA
Ecuador,2002,NA
Ecuador,2003,NA
Ecuador,2004,NA
Ecuador,2005,NA
Ecuador,2006,NA
Ecuador,2007,NA
Ecuador,2008,NA
Ecuador,2009,NA
Ecuador,2010,NA
Ecuador,2011,NA
Ecuador,2012,NA
Ecuador,2013,NA
Ecuador,2014,NA
Ecuador,2015,NA
Ecuador,2016,NA
Ecuador,2017,NA
Guyana,2000,NA
Guyana,2001,NA
Guyana,2002,NA
Guyana,2003,NA
Guyana,2004,NA
Guyana,2005,NA
Guyana,2006,NA
Guyana,2007,NA
Guyana,2008,NA
Guyana,2009,NA
Guyana,2010,NA
Guyana,2011,NA
Guyana,2012,NA
Guyana,2013,NA
Guyana,2014,NA
Guyana,2015,NA
Guyana,2016,NA
Guyana,2017,NA
Paraguay,2000,NA
Paraguay,2001,NA
Paraguay,2002,NA
Paraguay,2003,NA
Paraguay,2004,NA
Paraguay,2005,48.4162451505181
Paraguay,2006,49.5554605684975
Paraguay,2007,51.5273200760881
Paraguay,2008,54.51504852517
Paraguay,2009,52.7650262263524
Paraguay,2010,55.0292442149066
Paraguay,2011,53.1999458120476
Paraguay,2012,55.7543822345872
Paraguay,2013,56.7554688115099
Paraguay,2014,56.5222393810542
Paraguay,2015,53.2125435296106
Paraguay,2016,51.3531467535678
Paraguay,2017,49.586808488608
Perú,2000,22.406127596127
Perú,2001,22.3908565113723
Perú,2002,22.6673934501098
Perú,2003,22.881166451226
Perú,2004,21.0977077130463
Perú,2005,20.089053288453
Perú,2006,19.6548957540418
Perú,2007,17.3190475111438
Perú,2008,17.5190091280784
Perú,2009,18.0762760905342
Perú,2010,17.5414671802866
Perú,2011,17.1271671509411
Perú,2012,17.7823856753894
Perú,2013,18.445693498123
Perú,2014,19.1222199164666
Perú,2015,18.1065118436693
Perú,2016,19.8171037325988
Perú,2017,NA
Suriname,2000,NA
Suriname,2001,40.3756338304255
Suriname,2002,51.5428029149912
Suriname,2003,51.1592130349055
Suriname,2004,43.4145156682134
Suriname,2005,39.099827362176804
Suriname,2006,37.0775255913474
Suriname,2007,38.0620791887944
Suriname,2008,38.1684155722155
Suriname,2009,39.2092519458825
Suriname,2010,42.9753771570027
Suriname,2011,40.0308679189868
Suriname,2012,35.7391135071203
Suriname,2013,NA
Suriname,2014,NA
Suriname,2015,NA
Suriname,2016,NA
Suriname,2017,NA
Uruguay,2000,14.9738819710588
Uruguay,2001,23.6274071723824
Uruguay,2002,22.225911642375
Uruguay,2003,20.8993774798036
Uruguay,2004,21.7979771032433
Uruguay,2005,22.3356127253575
Uruguay,2006,22.467051491009
Uruguay,2007,22.6734693484472
Uruguay,2008,23.6747359645047
Uruguay,2009,24.6045794752217
Uruguay,2010,23.0165616829781
Uruguay,2011,23.6170657694424
Uruguay,2012,23.1652797389071
Uruguay,2013,23.0579792911493
Uruguay,2014,24.8483776796406
Uruguay,2015,23.0066672722804
Uruguay,2016,32.6054791417314
Uruguay,2017,NA
Venezuela,2000,NA
Venezuela,2001,NA
Venezuela,2002,NA
Venezuela,2003,NA
Venezuela,2004,NA
Venezuela,2005,NA
Venezuela,2006,NA
Venezuela,2007,NA
Venezuela,2008,NA
Venezuela,2009,NA
Venezuela,2010,NA
Venezuela,2011,NA
Venezuela,2012,NA
Venezuela,2013,NA
Venezuela,2014,NA
Venezuela,2015,NA
Venezuela,2016,NA
Venezuela,2017,NA
