carrera_codigo,carrera,carrera_tipo1,carrera_tipo2,estudiantes_total,estudiantes_muj,estudiantes_hom,salario_mediana,salario_q1,salario_q3,en_part_time,en_trabajos_calificados,en_trabajos_no_calificados,en_trabajos_sueldo_min,desempleados
1100,Agricultura (General),STEM,Agricultura y Recursos Naturales,10399,6053,4346,40000,30000,50000,2031,2418,4717,839,178
1101,Producción y Manejo Agrícola,STEM,Agricultura y Recursos Naturales,14240,9658,4582,40000,25000,50000,2196,1925,6221,1362,649
1102,Economía Agrícola,STEM,Agricultura y Recursos Naturales,2439,1749,690,40000,27000,54000,620,535,893,94,182
1103,Ciencias Animales,STEM,Agricultura y Recursos Naturales,21573,5347,16226,30000,22000,40000,5353,5443,9571,2125,917
1105,Agronomía,STEM,Agricultura y Recursos Naturales,7416,4897,2519,32000,22900,40000,1246,2089,3545,1231,314
1106,Ciencias del Suelo,STEM,Agricultura y Recursos Naturales,685,476,209,35000,18500,44000,185,355,144,0,0
1199,Agricultura (Misceláneo),STEM,Agricultura y Recursos Naturales,1488,404,1084,29000,23000,42100,335,483,626,31,82
1301,Ciencias Ambientales,STEM,Biología,25965,10787,15178,35600,25000,40200,7071,8149,10076,3175,1779
1302,Ciencias Forestales,STEM,Agricultura y Recursos Naturales,3607,3156,451,35000,28600,48000,891,1096,1692,327,322
1303,Gestión de Recursos Naturales,STEM,Agricultura y Recursos Naturales,13773,8617,5156,35000,25000,42000,2613,4333,5808,1405,842
1401,Arquitectura,STEM,Ingeniería,46420,25463,20957,40000,31000,50000,10206,16178,13724,4221,4366
1501,Estudios Étnicos y Civilizatorios,Humanidades y Ciencias Sociales,Humanidades y Artes Liberales,31195,8739,22456,35000,24500,44000,9541,8465,11818,3677,1668
1901,Comunicaciones,Humanidades y Ciencias Sociales,Comunicaciones,213996,70619,143377,35000,27000,45000,49889,40763,97964,27440,14602
1902,Periodismo,Humanidades y Ciencias Sociales,Comunicaciones,72619,23736,48883,35000,26000,42900,15902,23279,26672,8512,4535
1903,Medios de Comunicación,Humanidades y Ciencias Sociales,Comunicaciones,52824,24704,28120,33000,25000,45000,13078,12855,25297,6429,4410
1904,Publicidad y Relaciones Públicas,Humanidades y Ciencias Sociales,Comunicaciones,53162,12862,40300,35000,27000,47000,10948,9659,23059,7214,3305
2001,Tecnologías de la Comunicación,STEM,Computación y Matemáticas,18035,11431,6604,35000,25000,45000,4690,4545,8794,2495,2006
2100,Computación y Sistemas de Información,STEM,Computación y Matemáticas,36698,27392,9306,45000,30000,60000,4332,13344,11783,1672,2934
2101,Computación y Procesamiento de Datos,STEM,Computación y Matemáticas,4168,3046,1122,41300,20000,46000,482,2024,1033,263,419
2102,Ciencias de la Computación,STEM,Computación y Matemáticas,128319,99743,28576,53000,39000,70000,18726,68622,25667,5144,6884
2105,Ciencias de la Información,STEM,Computación y Matemáticas,11913,9005,2908,45000,32500,58000,1468,4390,4102,608,639
2106,Administración y Seguridad Informática,STEM,Computación y Matemáticas,8066,6607,1459,37500,25000,50000,1030,2354,3244,308,721
2107,Redes Informáticas y Telecomunicaciones,STEM,Computación y Matemáticas,7613,5291,2322,36400,27000,49000,1447,2593,2941,352,1100
2201,Cosmetología y Artes Culinarias,Negocios,Artes Industriales y Servicio al Consumidor,10510,4364,6146,29000,20000,36000,2064,563,7384,3163,510
2300,Educación General,Humanidades y Ciencias Sociales,Educación,143718,26893,116825,34000,26000,41000,29558,82007,31112,11443,7195
2301,Administración y Supervisión Educacional,Humanidades y Ciencias Sociales,Educación,804,280,524,34000,29000,35000,0,346,206,111,0
2303,Orientación Educacional,Humanidades y Ciencias Sociales,Educación,818,119,699,41000,41000,43000,135,509,221,0,88
2304,Pedagogía Básica,Humanidades y Ciencias Sociales,Educación,170862,13029,157833,32000,23400,38000,37965,108085,36972,11502,7297
2305,Pedagogía en Matemáticas,Humanidades y Ciencias Sociales,Educación,14237,3872,10365,34000,30000,40000,2273,10699,1977,786,216
2306,Pedagogía en Ciencias Naturales,Humanidades y Ciencias Sociales,Educación,28213,15670,12543,31000,24000,40000,7230,12777,9328,2042,1920
2307,Pedagogía Inicial,Humanidades y Ciencias Sociales,Educación,37589,1167,36422,28000,21000,35000,7001,23515,7705,2868,1360
2308,Pedagogía en Ciencias de la Computación,Humanidades y Ciencias Sociales,Educación,6483,2049,4434,32000,28000,39000,1227,4214,1106,591,266
2309,Pedagogía Media,Humanidades y Ciencias Sociales,Educación,17125,6820,10305,32500,25000,38000,3782,10304,3967,1385,833
2310,Pedagogía en Educación Especial,Humanidades y Ciencias Sociales,Educación,28739,2682,26057,35000,32000,42000,5153,20185,3797,1179,1067
2311,Ṕedagogía en Ciencias Sociales e Historia,Humanidades y Ciencias Sociales,Educación,20198,9950,10248,34000,23050,42000,5168,10928,5561,1806,1012
2312,Pedagogía (General),Humanidades y Ciencias Sociales,Educación,14443,2734,11709,30000,24000,37000,2214,10766,1949,722,496
2313,Pedagogía en Lenguage y Teatro,Humanidades y Ciencias Sociales,Educación,30471,3741,26730,33000,24000,40000,7239,17985,6824,2819,1379
2314,Pedagogía en Arte y Música,Humanidades y Ciencias Sociales,Educación,34181,10732,23449,32100,25000,40000,9209,20821,8260,2767,1206
2399,Pedagogía (Miscélanea),Humanidades y Ciencias Sociales,Educación,10150,3654,6496,33000,30000,45000,2202,5284,2438,657,547
2400,Ingeniería (General),STEM,Ingeniería,61152,45683,15469,56000,36000,69000,7199,26898,11734,3192,2859
2401,Ingeniería Aeroespacial,STEM,Ingeniería,15058,12953,2105,60000,42000,70000,2724,8184,2425,372,794
2402,Biongeniería,STEM,Ingeniería,8925,6062,2863,57100,40000,76000,1983,3603,1595,524,589
2403,Ingeniería Arquitectónica,STEM,Ingeniería,2825,1835,990,54000,38000,65000,343,1665,649,137,170
2404,Ingeniería Biomédica,STEM,Ingeniería,14955,8407,6548,60000,36000,70000,2694,6439,2471,789,1019
2405,Ingeniería Química,STEM,Ingeniería,32260,21239,11021,65000,50000,75000,5180,18314,4440,972,1672
2406,Ingeniería Civil,STEM,Ingeniería,53153,41081,12072,50000,40000,60000,10080,28526,9356,2899,3270
2407,Ingeniería en Computación,STEM,Ingeniería,41542,33258,8284,60000,45000,75000,5146,23694,5721,980,2275
2408,Ingeniería Eléctrica,STEM,Ingeniería,81527,65511,16016,60000,45000,72000,12695,45829,10874,3170,3895
2409,Ingeniería en Mecánica Física,STEM,Ingeniería,4321,3526,795,58000,25000,74000,811,2439,947,263,23
2410,Ingeniería Ambiental,STEM,Ingeniería,4047,2662,1385,50000,42000,56000,930,2028,830,260,308
2411,Ingeniería Geológica y Geofísica,STEM,Ingeniería,720,488,232,50000,42800,57000,126,501,50,49,49
2412,Ingeniería Industrial,STEM,Ingeniería,18968,12453,6515,57000,37900,67000,2243,8306,3235,640,699
2413,Ingeniería en Materiales,STEM,Ingeniería,2993,2020,973,52000,35000,62000,1040,1911,305,70,70
2414,Ingeniería Mecánica,STEM,Ingeniería,91227,80320,10907,60000,48000,70000,13101,52844,16384,3253,4650
2415,Ingeniería Metalúrgica,STEM,Ingeniería,856,725,131,73000,50000,105000,133,456,176,0,16
2416,Ingeniería en Minas y Minerales,STEM,Ingeniería,756,679,77,75000,55000,90000,170,350,257,50,85
2417,Ingeniería Naval,STEM,Ingeniería,1258,1123,135,70000,43000,80000,150,529,102,0,40
2418,Ingeniería Nuclear,STEM,Ingeniería,2573,2200,373,65000,50000,102000,264,1142,657,244,400
2419,Ingeniería en Petróleo,STEM,Ingeniería,2339,2057,282,110000,95000,125000,270,1534,364,193,37
2499,Ingeniería (Miscelánea),STEM,Ingeniería,9133,7398,1735,50000,39000,65000,1662,3445,2426,365,597
2500,Ingeniería y Tecnología,STEM,Ingeniería,3600,2695,905,50000,43000,60000,689,1017,1269,142,163
2501,Ingeniería y Manejo Industrial,STEM,Ingeniería,2906,2400,506,44000,30000,50000,462,482,844,245,74
2502,Ingeniería y Tecnología Eléctrica,STEM,Ingeniería,11565,8181,3384,52000,35000,60000,1873,5126,2686,696,824
2503,Ingeniería y Tecnología Industrial,STEM,Ingeniería,4631,3477,1154,46000,35000,65000,597,1394,2454,480,129
2504,Ingeniería y Tecnología Mecánica,STEM,Ingeniería,4790,4419,371,40000,27000,52000,247,1861,2121,406,250
2599,Ingeniería y Tecnología (Misceláneo),STEM,Ingeniería,8804,7043,1761,40000,30400,56000,1240,2446,3896,386,416
2601,Lingüística y Literatura Comparada,Humanidades y Ciencias Sociales,Humanidades y Artes Liberales,16601,4416,12185,33000,25000,40000,4831,4122,5695,2085,1302
2602,Lenguas Extranjeras Comunes,Humanidades y Ciencias Sociales,Humanidades y Artes Liberales,48246,12835,35411,34000,25000,45000,14569,15051,18193,5267,3132
2603,Lenguas Extranjeras Poco Comunes,Humanidades y Ciencias Sociales,Humanidades y Artes Liberales,11204,3472,7732,27500,22900,38000,3685,2326,3703,1115,846
2901,Ciencias de la Familia y el Consumo,Negocios,Artes Industriales y Servicio al Consumidor,58001,5166,52835,30000,22900,40000,15872,20985,20133,5248,3355
3201,Reporte Judicial,Humanidades y Ciencias Sociales,Derecho y Políticas Públicas,1148,877,271,54000,50000,54000,223,402,528,144,11
3202,Estudios Legales,Humanidades y Ciencias Sociales,Derecho y Políticas Públicas,13528,4435,9093,36000,29200,46000,3595,2002,6454,1336,757
3301,Inglés y Literatura,Humanidades y Ciencias Sociales,Humanidades y Artes Liberales,194673,58227,136446,32000,23000,41000,57825,57690,71827,26503,14345
3302,Composición y Retórica,Humanidades y Ciencias Sociales,Humanidades y Artes Liberales,18953,7022,11931,27000,20000,35000,6612,4855,8100,3466,1340
3401,Artes Liberales,Humanidades y Ciencias Sociales,Humanidades y Artes Liberales,71369,22339,49030,32000,25000,42000,19187,18565,28558,9030,4657
3402,Humanidades,Humanidades y Ciencias Sociales,Humanidades y Artes Liberales,6652,2013,4639,30000,20000,49000,2225,1168,3354,1141,372
3501,Bibliotecología,Humanidades y Ciencias Sociales,Educación,1098,134,964,22000,20000,22000,237,288,338,192,87
3600,Biología,STEM,Biología,280709,111762,168947,33400,24000,45000,72371,88232,81109,28339,13874
3601,Bioquímica,STEM,Biología,39107,18951,20156,37400,29000,50000,9948,15654,8394,3012,2249
3602,Botánica,STEM,Biología,1329,626,703,37000,26000,40000,169,677,184,56,0
3603,Biología Molecular,STEM,Biología,18300,7426,10874,40000,29000,47000,4590,7225,3145,1168,1067
3604,Ecología,STEM,Biología,9154,3878,5276,33000,23000,42000,2741,2856,4159,976,437
3605,Genética,STEM,Biología,3635,1761,1874,40000,34000,45000,847,1675,678,201,87
3606,Microbiología,STEM,Biología,15232,6383,8849,38000,29600,50000,3379,5577,3174,1246,693
3607,Farmacología,STEM,Biología,1762,515,1247,45000,40000,45000,532,603,478,93,107
3608,Fisiología,STEM,Biología,22060,8422,13638,35000,20000,50000,6541,6587,6894,2237,1088
3609,Zoología,STEM,Biología,8409,3050,5359,26000,20000,39000,2190,2771,2947,743,304
3611,Neurociencia,STEM,Biología,13663,4944,8719,35000,30000,44000,3078,5605,2301,902,463
3699,Biología (Misceláneo),STEM,Biología,10706,4747,5959,33500,23000,48000,2568,4253,2722,459,483
3700,Matemáticas,STEM,Computación y Matemáticas,72397,39956,32441,45000,33000,60000,18079,34800,14829,4569,2884
3701,Matemáticas Aplicadas,STEM,Computación y Matemáticas,4939,2794,2145,45000,34000,63000,1176,2437,803,357,385
3702,Estadística,STEM,Computación y Matemáticas,6251,2960,3291,45000,26700,60000,1840,2298,1200,343,401
3801,Tecnología Militar,Negocios,Artes Industriales y Servicio al Consumidor,124,124,0,40000,40000,40000,0,0,0,0,0
4001,Estudios Interculturales e Internacionales,Humanidades y Ciencias Sociales,Humanidades y Artes Liberales,24650,8575,16075,34000,24000,45000,7978,4956,10343,3168,1718
4002,Nutrición,Salud,Salud,18909,2563,16346,35000,26000,45000,6648,6535,5473,2449,975
4005,Matemáticas y Ciencias de la Computación,STEM,Computación y Matemáticas,609,500,109,42000,30000,78000,0,452,67,25,0
4006,Ciencia Cognitiva y Biopsicología,STEM,Biología,3831,1667,2164,41000,20000,60000,711,1369,921,135,223
4007,Ciencias Sociales Interdisciplinarias,Humanidades y Ciencias Sociales,Ciencias Sociales,9916,2337,7579,33000,24000,40000,2834,2630,3906,1470,757
4101,Fitness,Negocios,Artes Industriales y Servicio al Consumidor,125074,62181,62893,32000,24000,43000,38515,27581,63946,16838,5593
4801,Filosofía y Estudios de la Religión,Humanidades y Ciencias Sociales,Humanidades y Artes Liberales,54814,31967,22847,32200,23000,47100,16659,14444,20313,8051,4267
4901,Teología,Humanidades y Ciencias Sociales,Humanidades y Artes Liberales,30207,18616,11591,29000,22000,38000,8767,9927,12037,3304,1617
5000,Ciencias Naturales,STEM,Ciencias Naturales,1436,894,542,40000,30000,55000,437,530,465,269,42
5001,Astronomía y Astrofísica,STEM,Ciencias Naturales,1792,832,960,62000,31500,109000,553,972,500,220,33
5002,Meteorología,STEM,Ciencias Naturales,4043,2744,1299,35000,28000,50000,1309,1808,1317,237,78
5003,Química,STEM,Ciencias Naturales,66530,32923,33607,39000,30000,49900,15066,30382,14718,4288,2769
5004,Geología y Ciencias de la Tierra,STEM,Ciencias Naturales,10972,5813,5159,36200,28000,47000,2913,4858,2792,959,677
5005,Geociencia,STEM,Ciencias Naturales,1978,809,1169,36000,21000,41000,354,784,591,221,36
5006,Oceanografía,STEM,Ciencias Naturales,2418,752,1666,44700,23000,50000,379,459,996,186,99
5007,Física,STEM,Ciencias Naturales,32142,23080,9062,45000,30000,68000,8721,18674,4576,1823,1282
5008,Ciencia de Materiales,STEM,Ingeniería,4279,2949,1330,60000,39000,65000,878,2626,391,81,78
5098,Ciencias (General),STEM,Ciencias Naturales,62052,27015,35037,35000,24000,50000,13133,17923,22039,5751,2727
5102,Tecnologías Nucleares y Afines,STEM,Ciencias Naturales,2116,528,1588,46000,38000,53000,579,162,1475,124,137
5200,Psicología,Humanidades y Ciencias Sociales,Psicología y Trabajo Social,393735,86648,307087,31500,24000,41000,115172,125148,141860,48207,28169
5201,Psicología Educacional,Humanidades y Ciencias Sociales,Psicología y Trabajo Social,2854,522,2332,25000,24000,34000,572,1488,615,82,148
5202,Psicología Clínica,Humanidades y Ciencias Sociales,Psicología y Trabajo Social,2838,568,2270,25000,25000,40000,648,986,870,622,368
5203,Terapia Psicológica,Humanidades y Ciencias Sociales,Psicología y Trabajo Social,4626,931,3695,23400,19200,26000,965,2403,1245,308,214
5205,Psicología Organizacional,Humanidades y Ciencias Sociales,Psicología y Trabajo Social,3014,1075,1939,40000,32000,53000,1095,559,1224,272,286
5206,Psicología Social,Humanidades y Ciencias Sociales,Psicología y Trabajo Social,1386,413,973,36000,34000,45000,433,434,593,37,33
5299,Psicología (Miscelánea),Humanidades y Ciencias Sociales,Psicología y Trabajo Social,9628,1936,7692,30000,20800,40000,3221,2960,3948,1650,419
5301,Justicia Criminal,Humanidades y Ciencias Sociales,Derecho y Políticas Públicas,152824,80231,72593,35000,26000,45000,32242,24348,88858,18404,11268
5401,Administración Pública,Humanidades y Ciencias Sociales,Derecho y Políticas Públicas,5629,2947,2682,36000,23000,60000,847,919,2313,496,789
5402,Políticas Públicas,Humanidades y Ciencias Sociales,Derecho y Políticas Públicas,5978,2639,3339,50000,35000,70000,1306,1550,1871,340,670
5403,Servicios Sociales,Humanidades y Ciencias Sociales,Psicología y Trabajo Social,9374,885,8489,30000,24000,35000,2405,2878,4595,724,326
5404,Trabajo Social,Humanidades y Ciencias Sociales,Psicología y Trabajo Social,53552,5137,48415,30000,25000,35000,13481,27449,14416,4344,3329
5500,Ciencias Sociales (General),Humanidades y Ciencias Sociales,Ciencias Sociales,12920,5079,7841,32000,27000,50000,3396,3602,4778,1634,1108
5501,Economía,Humanidades y Ciencias Sociales,Ciencias Sociales,139247,89749,49498,47000,35000,65000,25325,25582,37057,10653,11452
5502,Antropología y Arqueología,Humanidades y Ciencias Sociales,Humanidades y Artes Liberales,38844,11376,27468,28000,20000,38000,14515,9805,16693,6866,3395
5503,Criminología,Humanidades y Ciencias Sociales,Ciencias Sociales,19879,10031,9848,35000,25000,45000,4543,3373,10605,1895,1743
5504,Geografía,Humanidades y Ciencias Sociales,Ciencias Sociales,18480,11404,7076,38000,30000,50000,5651,5350,6830,1905,1799
5505,Relaciones Internacionales,Humanidades y Ciencias Sociales,Ciencias Sociales,28187,10345,17842,40100,31200,53000,5563,6774,9570,2499,2271
5506,Ciencia Política,Humanidades y Ciencias Sociales,Ciencias Sociales,182621,93880,88741,38000,28000,50000,43711,36854,66947,19803,15022
5507,Sociología,Humanidades y Ciencias Sociales,Ciencias Sociales,115433,32510,82923,33000,25000,44000,29639,29051,48899,13748,8608
5599,Ciencias Sociales (Miscelánea),Humanidades y Ciencias Sociales,Ciencias Sociales,3283,1499,1784,40000,30000,54000,907,744,1654,573,215
5601,Servicios de Construcción,Negocios,Artes Industriales y Servicio al Consumidor,18498,16820,1678,50000,36000,60000,1751,3275,5351,703,1042
5701,Tecnologías Productivas,Negocios,Artes Industriales y Servicio al Consumidor,2435,1869,566,38400,22500,45000,287,221,1659,81,64
5901,Tecnologías de Transporte,Negocios,Artes Industriales y Servicio al Consumidor,15150,13257,1893,35000,22000,52000,2633,4575,6147,557,962
6000,Bellas Artes,Humanidades y Ciencias Sociales,Artes,74440,24786,49654,30500,21000,41000,23656,20792,32725,11880,5486
6001,Teatro,Humanidades y Ciencias Sociales,Artes,43249,14440,28809,27000,19200,35000,15994,6994,25313,11068,3040
6002,Música,Humanidades y Ciencias Sociales,Artes,60633,29909,30724,31000,22300,42000,24943,13752,28786,9286,3918
6003,Artes Visuales y Performativas,Humanidades y Ciencias Sociales,Artes,16250,4133,12117,30000,22000,40000,6253,3849,7635,2840,1465
6004,Arte Comercial y Diseño Gráfico,Humanidades y Ciencias Sociales,Artes,103480,32041,71439,35000,25000,45000,24387,37389,38119,14839,8947
6005,Dirección Audiovisual y Fotografía,Humanidades y Ciencias Sociales,Artes,38761,22357,16404,32000,22000,42000,12818,7368,20721,5862,3718
6006,Historia del Arte,Humanidades y Ciencias Sociales,Humanidades y Artes Liberales,21030,3240,17790,31000,23000,40000,6140,5139,9738,3426,1128
6007,Artes de Estudio,Humanidades y Ciencias Sociales,Artes,16977,4754,12223,29000,19200,38300,5673,3948,8707,3586,1368
6099,Bellas Artes (Misceláneo),Humanidades y Ciencias Sociales,Artes,3340,1970,1370,50000,25000,66000,1067,693,1714,755,286
6100,Servicios de Salud,Salud,Salud,33599,7574,26025,32400,25000,45000,11088,9364,12889,3816,2183
6102,Ciencias de Desórdenes de la Comunicación,Salud,Salud,38279,1225,37054,28000,20000,40000,13862,19957,9404,5125,1487
6103,Administración de Salud,Salud,Salud,18109,4266,13843,35000,27000,42000,3299,2589,8592,1391,1518
6104,Asistencia en Servicios de Salud,Salud,Salud,11123,803,10320,42000,30000,65000,4107,2091,6948,1270,407
6105,Tecnología Médica,Salud,Salud,15914,3916,11998,45000,36000,50000,2665,5546,7176,1002,505
6106,Preparación de Servicios de Salud,Salud,Salud,12740,5521,7219,33500,23000,40000,3891,3051,3539,1159,529
6107,Enfermería,Salud,Salud,209394,21773,187621,48000,39000,58000,40818,151643,26146,6193,8497
6108,Ciencias y Administración Farmacéutica,Salud,Salud,23551,8697,14854,40000,20000,90000,5346,11573,4493,1121,977
6109,Terapia,Salud,Salud,48491,13487,35004,33000,24000,41000,12346,22215,14616,4468,2409
6110,Salud Pública,Salud,Salud,19735,4103,15632,34000,21000,45000,6377,5225,7385,1854,1833
6199,Salud (Misceláneo),Salud,Salud,13386,1589,11797,36000,23000,42000,4145,5652,3835,1422,893
6200,Negocios (General),Negocios,Negocios,234590,132238,102352,40000,30000,55000,36241,29334,100831,27320,14946
6201,Contabilidad,Negocios,Negocios,198633,94519,104114,45000,34000,56000,27693,11417,39323,10886,12411
6202,Ciencia Actuarial,Negocios,Negocios,3777,2110,1667,62000,53000,72000,296,1768,314,259,308
6203,Administración de Empresas,Negocios,Negocios,329927,173809,156118,38000,29000,50000,50357,36720,148395,32395,21502
6204,Operaciones Logísticas y Comercio Digital,Negocios,Negocios,11732,7921,3811,50000,40000,60000,1183,1466,3629,285,504
6205,Economía y Negocios,Negocios,Negocios,13302,7575,5727,46000,33000,58000,1937,1578,4612,1284,1165
6206,Marketing,Negocios,Negocios,205211,78857,126354,38000,30000,50000,35829,25320,93889,27968,11663
6207,Finanzas,Negocios,Negocios,174506,115030,59476,47000,35000,64000,21463,24243,48447,9910,9413
6209,Recursos Humanos,Negocios,Negocios,24497,6184,18313,36000,28000,45000,3767,2406,9629,1906,1315
6210,Negocios Internacionales,Negocios,Negocios,25894,10624,15270,40000,30000,50000,4890,3383,9482,3046,2092
6211,Hotelería,Negocios,Negocios,43647,15204,28443,33000,25000,42000,7494,2325,23341,9063,2393
6212,Sistemas de Información y Estadística,Negocios,Negocios,18713,13496,5217,51000,38000,60000,2420,6342,5741,708,1015
6299,Negocios y Administración de Salud (Misceláneo),Negocios,Negocios,17947,10285,7662,40000,30000,51000,3366,2236,8937,1758,1150
6402,Historia,Humanidades y Ciencias Sociales,Humanidades y Artes Liberales,141951,78253,63698,34000,25000,47000,40657,35336,54569,16839,11176
6403,Historia de los Estados Unidos,Humanidades y Ciencias Sociales,Humanidades y Artes Liberales,3079,1756,1323,40000,30000,42000,839,801,1591,302,138
