pais,anio,esperanza_de_vida
Argentina,1952,62.485
Argentina,1957,64.399
Argentina,1962,65.142
Argentina,1967,65.634
Argentina,1972,67.065
Argentina,1977,68.481
Argentina,1982,69.942
Argentina,1987,70.774
Argentina,1992,71.868
Argentina,1997,73.275
Argentina,2002,74.34
Argentina,2007,75.32
Chile,1952,54.745
Chile,1957,56.074
Chile,1962,57.924
Chile,1967,60.523
Chile,1972,63.441
Chile,1977,67.052
Chile,1982,70.565
Chile,1987,72.492
Chile,1992,74.126
Chile,1997,75.816
Chile,2002,77.86
Chile,2007,78.553
Uruguay,1952,66.071
Uruguay,1957,67.044
Uruguay,1962,68.253
Uruguay,1967,68.468
Uruguay,1972,68.673
Uruguay,1977,69.481
Uruguay,1982,70.805
Uruguay,1987,71.918
Uruguay,1992,72.752
Uruguay,1997,74.223
Uruguay,2002,75.307
Uruguay,2007,76.384
